-- MySQL dump 10.13  Distrib 5.5.35, for debian-linux-gnu (x86_64)
--
-- Host: localhost    Database: travel
-- ------------------------------------------------------
-- Server version	5.5.35-0ubuntu0.12.04.2

/*!40101 SET @OLD_CHARACTER_SET_CLIENT=@@CHARACTER_SET_CLIENT */;
/*!40101 SET @OLD_CHARACTER_SET_RESULTS=@@CHARACTER_SET_RESULTS */;
/*!40101 SET @OLD_COLLATION_CONNECTION=@@COLLATION_CONNECTION */;
/*!40101 SET NAMES utf8 */;
/*!40103 SET @OLD_TIME_ZONE=@@TIME_ZONE */;
/*!40103 SET TIME_ZONE='+00:00' */;
/*!40014 SET @OLD_UNIQUE_CHECKS=@@UNIQUE_CHECKS, UNIQUE_CHECKS=0 */;
/*!40014 SET @OLD_FOREIGN_KEY_CHECKS=@@FOREIGN_KEY_CHECKS, FOREIGN_KEY_CHECKS=0 */;
/*!40101 SET @OLD_SQL_MODE=@@SQL_MODE, SQL_MODE='NO_AUTO_VALUE_ON_ZERO' */;
/*!40111 SET @OLD_SQL_NOTES=@@SQL_NOTES, SQL_NOTES=0 */;

--
-- Table structure for table `Place`
--

DROP TABLE IF EXISTS `Place`;
/*!40101 SET @saved_cs_client     = @@character_set_client */;
/*!40101 SET character_set_client = utf8 */;
CREATE TABLE `Place` (
  `place_id` int(11) NOT NULL,
  `place` int(11) DEFAULT NULL,
  `state_id` int(11) DEFAULT NULL,
  PRIMARY KEY (`place_id`)
) ENGINE=InnoDB DEFAULT CHARSET=latin1;
/*!40101 SET character_set_client = @saved_cs_client */;

--
-- Dumping data for table `Place`
--

LOCK TABLES `Place` WRITE;
/*!40000 ALTER TABLE `Place` DISABLE KEYS */;
/*!40000 ALTER TABLE `Place` ENABLE KEYS */;
UNLOCK TABLES;

--
-- Table structure for table `airline`
--

DROP TABLE IF EXISTS `airline`;
/*!40101 SET @saved_cs_client     = @@character_set_client */;
/*!40101 SET character_set_client = utf8 */;
CREATE TABLE `airline` (
  `id` int(11) NOT NULL AUTO_INCREMENT,
  `name` varchar(50) NOT NULL DEFAULT '0',
  PRIMARY KEY (`id`)
) ENGINE=InnoDB AUTO_INCREMENT=23 DEFAULT CHARSET=latin1;
/*!40101 SET character_set_client = @saved_cs_client */;

--
-- Dumping data for table `airline`
--

LOCK TABLES `airline` WRITE;
/*!40000 ALTER TABLE `airline` DISABLE KEYS */;
INSERT INTO `airline` VALUES (1,'Air India'),(2,'Air India Express'),(3,'Air India Regional'),(4,'AirAsia India'),(5,'Air Costa'),(6,'Air Odisha'),(7,'Blue Dart Aviation'),(8,'Club One Air'),(9,'Chhattisgarh Air Link'),(10,'Deccan Charters'),(11,'Deccan Shuttles'),(12,'GoAir'),(13,'IndiGo'),(14,'Invision Air'),(15,'Jagson Airlines'),(16,'Jet Airways'),(17,'Quikjet Cargo'),(18,'Air Pegasus'),(19,'SpiceJet'),(20,'TajAir'),(21,'Ventura Airconnect'),(22,'SkyJet Air');
/*!40000 ALTER TABLE `airline` ENABLE KEYS */;
UNLOCK TABLES;

--
-- Table structure for table `class`
--

DROP TABLE IF EXISTS `class`;
/*!40101 SET @saved_cs_client     = @@character_set_client */;
/*!40101 SET character_set_client = utf8 */;
CREATE TABLE `class` (
  `id` int(11) NOT NULL AUTO_INCREMENT,
  `class` varchar(50) NOT NULL DEFAULT '0',
  PRIMARY KEY (`id`)
) ENGINE=InnoDB AUTO_INCREMENT=4 DEFAULT CHARSET=latin1;
/*!40101 SET character_set_client = @saved_cs_client */;

--
-- Dumping data for table `class`
--

LOCK TABLES `class` WRITE;
/*!40000 ALTER TABLE `class` DISABLE KEYS */;
INSERT INTO `class` VALUES (1,'Economy'),(2,'Business'),(3,'First Class');
/*!40000 ALTER TABLE `class` ENABLE KEYS */;
UNLOCK TABLES;

--
-- Table structure for table `details`
--

DROP TABLE IF EXISTS `details`;
/*!40101 SET @saved_cs_client     = @@character_set_client */;
/*!40101 SET character_set_client = utf8 */;
CREATE TABLE `details` (
  `id` int(11) NOT NULL AUTO_INCREMENT,
  `travel_date` bigint(20) DEFAULT NULL,
  `booking_date` bigint(20) DEFAULT NULL,
  `from_place` mediumint(9) DEFAULT NULL,
  `to_place` mediumint(9) DEFAULT NULL,
  `status` enum('Y','N','TOB') DEFAULT NULL,
  `name` varchar(50) DEFAULT NULL,
  `from_time` bigint(20) DEFAULT NULL,
  `to_time` bigint(20) DEFAULT NULL,
  `details` varchar(200) DEFAULT NULL,
  `airline` smallint(50) DEFAULT NULL,
  `class` smallint(6) DEFAULT NULL,
  PRIMARY KEY (`id`)
) ENGINE=InnoDB AUTO_INCREMENT=201 DEFAULT CHARSET=latin1 COMMENT='travel_date,booking_date,from_place,to_place,status,name,from_time,details,airline,class';
/*!40101 SET character_set_client = @saved_cs_client */;

--
-- Dumping data for table `details`
--

LOCK TABLES `details` WRITE;
/*!40000 ALTER TABLE `details` DISABLE KEYS */;
INSERT INTO `details` VALUES (1,1356978600000,1356978600000,326,431,'TOB','D',1393573597619,172180535108,NULL,21,2),(2,1356978600000,1356978600000,36,1553,'TOB','D',1393550222260,906842556562,NULL,19,2),(3,1356978600000,1356978600000,611,718,'Y','A',1393577787957,354210142302,NULL,19,3),(4,1356978600000,1356978600000,491,270,'Y','E',1393567692734,339762470605,NULL,12,3),(5,1356978600000,1356978600000,493,1628,'N','B',1393595496960,1003889806956,NULL,14,2),(6,1356978600000,1356978600000,421,130,'Y','D',1393595428235,650300377501,NULL,20,2),(7,1356978600000,1356978600000,598,331,'TOB','D',1393569558020,191972177263,NULL,15,2),(8,1356978600000,1356978600000,806,95,'N','B',1393591530146,570788966983,NULL,2,3),(9,1356978600000,1356978600000,782,1177,'Y','A',1393536100293,1133329906149,NULL,17,3),(10,1356978600000,1356978600000,97,232,'N','A',1393597201060,936892717446,NULL,2,3),(11,1356978600000,1356978600000,1149,54,'TOB','A',1393545148602,374014755388,NULL,13,3),(12,1356978600000,1356978600000,1138,1041,'N','D',1393547110187,466195589077,NULL,18,2),(13,1356978600000,1356978600000,1348,995,'Y','B',1393594079905,74449539258,NULL,19,3),(14,1356978600000,1356978600000,676,655,'Y','B',1393552782755,33898223900,NULL,17,3),(15,1356978600000,1356978600000,622,1149,'TOB','E',1393576197924,1272551906649,NULL,22,3),(16,1356978600000,1356978600000,304,1435,'Y','E',1393562297738,402525943424,NULL,10,3),(17,1356978600000,1356978600000,1582,14,'N','B',1393572713691,1108935094681,NULL,16,3),(18,1356978600000,1356978600000,948,1297,'Y','E',1393572766548,1323184708947,NULL,20,2),(19,1356978600000,1356978600000,1176,173,'N','E',1393543418246,751716839195,NULL,11,3),(20,1356978600000,1356978600000,566,839,'TOB','E',1393586706544,191572359169,NULL,20,2),(21,1356978600000,1356978600000,1335,986,'N','E',1393610321867,1320557426672,NULL,11,2),(22,1356978600000,1356978600000,323,728,'N','C',1393542189378,104973308978,NULL,15,2),(23,1356978600000,1356978600000,1602,667,'TOB','D',1393555911210,1171285110363,NULL,2,2),(24,1356978600000,1356978600000,798,11,'TOB','A',1393536581025,653120937277,NULL,4,2),(25,1356978600000,1356978600000,96,1032,'N','E',1393565990877,38651439329,NULL,5,2),(26,1356978600000,1356978600000,394,606,'TOB','E',1393584975828,801282224862,NULL,16,2),(27,1356978600000,1356978600000,99,1562,'N','A',1393547804615,948619493639,NULL,3,3),(28,1356978600000,1356978600000,819,906,'N','E',1393610061044,191478581275,NULL,7,2),(29,1356978600000,1356978600000,1070,483,'N','D',1393605367574,275397847936,NULL,16,2),(30,1356978600000,1356978600000,969,313,'N','C',1393599989151,847029723670,NULL,19,2),(31,1356978600000,1356978600000,191,118,'TOB','A',1393540781106,208811509751,NULL,3,3),(32,1356978600000,1356978600000,943,276,'TOB','C',1393558309162,164379091708,NULL,5,3),(33,1356978600000,1356978600000,740,43,'N','C',1393564403190,862766452308,NULL,11,2),(34,1356978600000,1356978600000,767,1593,'N','D',1393566236565,368128168597,NULL,21,3),(35,1356978600000,1356978600000,752,1337,'N','E',1393542035830,1169250981882,NULL,6,3),(36,1356978600000,1356978600000,952,1248,'N','E',1393559374453,641398863938,NULL,3,2),(37,1356978600000,1356978600000,901,829,'Y','D',1393565965782,269640327975,NULL,3,2),(38,1356978600000,1356978600000,385,814,'Y','E',1393578812303,150716133192,NULL,2,3),(39,1356978600000,1356978600000,715,1142,'Y','A',1393606128447,543708904075,NULL,8,2),(40,1356978600000,1356978600000,550,282,'N','B',1393569388676,25190082106,NULL,12,2),(41,1356978600000,1356978600000,1458,998,'Y','D',1393598238177,764269177501,NULL,22,2),(42,1356978600000,1356978600000,533,1620,'Y','A',1393610949406,769246623891,NULL,15,2),(43,1356978600000,1356978600000,1407,777,'N','A',1393545166080,425879155942,NULL,20,3),(44,1356978600000,1356978600000,1379,964,'TOB','E',1393588211290,1074561213294,NULL,2,2),(45,1356978600000,1356978600000,412,677,'Y','C',1393534323446,61207071853,NULL,10,2),(46,1356978600000,1356978600000,1084,1368,'Y','B',1393584744782,33237646426,NULL,8,2),(47,1356978600000,1356978600000,1281,1109,'N','D',1393576446272,1066738956357,NULL,18,2),(48,1356978600000,1356978600000,187,648,'TOB','A',1393598470415,64462673426,NULL,16,2),(49,1356978600000,1356978600000,125,173,'Y','E',1393558487044,1299011428280,NULL,2,2),(50,1356978600000,1356978600000,1210,744,'N','E',1393565725087,787995485942,NULL,22,2),(51,1356978600000,1356978600000,1239,110,'Y','A',1393565266121,1144299860125,NULL,4,2),(52,1356978600000,1356978600000,1355,1369,'Y','B',1393556321143,719409346965,NULL,10,3),(53,1356978600000,1356978600000,1006,457,'TOB','A',1393533367169,155099710481,NULL,3,3),(54,1356978600000,1356978600000,601,456,'Y','B',1393569979089,1377038503320,NULL,8,2),(55,1356978600000,1356978600000,700,760,'TOB','C',1393533834663,674666449045,NULL,14,2),(56,1356978600000,1356978600000,1592,1147,'TOB','D',1393552443318,1361337692810,NULL,18,2),(57,1356978600000,1356978600000,769,92,'Y','C',1393593412756,959894185112,NULL,19,2),(58,1356978600000,1356978600000,1015,749,'N','C',1393541189351,489569302396,NULL,6,2),(59,1356978600000,1356978600000,238,489,'N','A',1393551879912,1103725682591,NULL,22,3),(60,1356978600000,1356978600000,773,539,'N','B',1393593956474,197549337525,NULL,21,2),(61,1356978600000,1356978600000,1193,1197,'TOB','B',1393578882975,1327865277442,NULL,5,2),(62,1356978600000,1356978600000,269,1530,'Y','E',1393597678182,267574815841,NULL,14,3),(63,1356978600000,1356978600000,1029,1468,'TOB','A',1393570617778,1207103878263,NULL,19,2),(64,1356978600000,1356978600000,1589,346,'Y','B',1393539205945,1372456677819,NULL,22,3),(65,1356978600000,1356978600000,71,1318,'Y','B',1393544326772,276591403780,NULL,2,2),(66,1356978600000,1356978600000,964,275,'N','B',1393537177407,1381482516263,NULL,18,2),(67,1356978600000,1356978600000,1495,1329,'Y','B',1393556559801,299059624029,NULL,9,2),(68,1356978600000,1356978600000,1167,1285,'Y','E',1393561169180,390408792989,NULL,13,2),(69,1356978600000,1356978600000,1352,923,'Y','E',1393551620647,678797766542,NULL,16,2),(70,1356978600000,1356978600000,1519,336,'N','C',1393605348354,810007652975,NULL,9,2),(71,1356978600000,1356978600000,478,1323,'N','C',1393559087919,255602870857,NULL,11,2),(72,1356978600000,1356978600000,305,921,'Y','A',1393569608882,700860979308,NULL,12,2),(73,1356978600000,1356978600000,1149,1306,'Y','B',1393539706271,774101163467,NULL,2,2),(74,1356978600000,1356978600000,35,293,'N','E',1393540603856,789498280951,NULL,10,3),(75,1356978600000,1356978600000,1265,1247,'N','A',1393592317077,1112450422210,NULL,17,2),(76,1356978600000,1356978600000,1223,180,'N','E',1393553368757,668404498937,NULL,4,2),(77,1356978600000,1356978600000,1214,619,'TOB','B',1393557352521,57524622906,NULL,10,2),(78,1356978600000,1356978600000,565,422,'N','D',1393587759392,304056760354,NULL,4,2),(79,1356978600000,1356978600000,1643,270,'Y','E',1393596102711,404695716165,NULL,2,3),(80,1356978600000,1356978600000,353,1249,'TOB','E',1393552730256,44761568492,NULL,21,2),(81,1356978600000,1356978600000,788,1303,'Y','B',1393561037210,286710863989,NULL,17,2),(82,1356978600000,1356978600000,248,1079,'Y','E',1393546879056,145520566987,NULL,18,2),(83,1356978600000,1356978600000,643,1635,'N','C',1393616274841,892806185530,NULL,3,2),(84,1356978600000,1356978600000,438,326,'Y','B',1393615667648,1102831426821,NULL,13,3),(85,1356978600000,1356978600000,333,1555,'TOB','E',1393575031829,347940998308,NULL,5,2),(86,1356978600000,1356978600000,878,800,'TOB','A',1393569288388,740305478046,NULL,4,2),(87,1356978600000,1356978600000,386,907,'Y','E',1393564326777,1263745431556,NULL,4,3),(88,1356978600000,1356978600000,1306,1603,'TOB','D',1393556566222,1212584132400,NULL,9,2),(89,1356978600000,1356978600000,231,630,'Y','D',1393579768686,1056187065556,NULL,15,2),(90,1356978600000,1356978600000,1043,792,'Y','A',1393609601628,653895695602,NULL,17,2),(91,1356978600000,1356978600000,444,1582,'TOB','B',1393574495892,1062672415619,NULL,19,3),(92,1356978600000,1356978600000,980,1085,'Y','E',1393594520087,947936181221,NULL,20,2),(93,1356978600000,1356978600000,582,208,'Y','D',1393614577641,1266013696270,NULL,19,2),(94,1356978600000,1356978600000,699,1169,'N','A',1393587891667,501921976307,NULL,21,2),(95,1356978600000,1356978600000,1159,429,'Y','E',1393558527840,436119910508,NULL,3,3),(96,1356978600000,1356978600000,868,491,'TOB','E',1393538381327,1177902277966,NULL,4,2),(97,1356978600000,1356978600000,1591,348,'N','B',1393551484843,1056679550809,NULL,13,2),(98,1356978600000,1356978600000,990,1138,'TOB','D',1393582057987,425104793913,NULL,3,3),(99,1356978600000,1356978600000,979,746,'Y','C',1393565498423,632283034010,NULL,22,2),(100,1356978600000,1356978600000,451,587,'N','C',1393598815173,864292022620,NULL,18,2),(101,1356978600000,1356978600000,1408,1307,'N','C',1393574058042,6602655644,NULL,13,2),(102,1356978600000,1356978600000,1566,952,'N','C',1393602961113,699853539369,NULL,21,2),(103,1356978600000,1356978600000,557,459,'Y','D',1393545235925,1350228266832,NULL,13,2),(104,1356978600000,1356978600000,593,311,'TOB','C',1393583408965,289788880903,NULL,7,2),(105,1356978600000,1356978600000,1369,974,'N','B',1393557695583,1108566493017,NULL,4,2),(106,1356978600000,1356978600000,770,1446,'N','C',1393567375376,1358758559798,NULL,21,3),(107,1356978600000,1356978600000,1110,1204,'Y','B',1393585327518,143140722371,NULL,16,2),(108,1356978600000,1356978600000,1468,79,'Y','A',1393558712720,1289877254999,NULL,12,2),(109,1356978600000,1356978600000,396,845,'N','D',1393541432166,830068993075,NULL,16,3),(110,1356978600000,1356978600000,452,863,'TOB','A',1393596452926,370586556507,NULL,19,3),(111,1356978600000,1356978600000,1589,621,'N','E',1393540863217,1012654216855,NULL,2,2),(112,1356978600000,1356978600000,262,1184,'TOB','E',1393612360420,418130924860,NULL,20,2),(113,1356978600000,1356978600000,1277,21,'Y','A',1393591449689,221636125234,NULL,19,2),(114,1356978600000,1356978600000,1620,849,'TOB','E',1393592022097,979421181466,NULL,17,3),(115,1356978600000,1356978600000,601,215,'Y','C',1393590899537,814427555623,NULL,21,2),(116,1356978600000,1356978600000,400,1513,'TOB','D',1393595788688,1168268806959,NULL,14,2),(117,1356978600000,1356978600000,76,228,'Y','C',1393608201811,517537047748,NULL,17,2),(118,1356978600000,1356978600000,381,1627,'Y','D',1393606761083,627673555446,NULL,9,3),(119,1356978600000,1356978600000,419,29,'Y','B',1393612388971,463869993933,NULL,18,2),(120,1356978600000,1356978600000,1326,50,'TOB','D',1393534414286,1175234073622,NULL,18,3),(121,1356978600000,1356978600000,1398,1493,'N','A',1393577085605,703794061686,NULL,20,2),(122,1356978600000,1356978600000,83,1588,'N','A',1393575442527,709014036780,NULL,5,3),(123,1356978600000,1356978600000,1514,53,'N','B',1393597160438,977001482101,NULL,10,3),(124,1356978600000,1356978600000,1642,456,'TOB','C',1393562987873,288190410813,NULL,16,2),(125,1356978600000,1356978600000,589,342,'Y','E',1393595394475,468023172953,NULL,19,3),(126,1356978600000,1356978600000,848,528,'Y','B',1393590817336,1284850236378,NULL,2,3),(127,1356978600000,1356978600000,364,991,'Y','A',1393538755902,1002508039107,NULL,21,3),(128,1356978600000,1356978600000,33,460,'N','D',1393613157254,332559940382,NULL,19,2),(129,1356978600000,1356978600000,75,364,'TOB','C',1393569629922,884541291793,NULL,21,2),(130,1356978600000,1356978600000,583,293,'TOB','A',1393560039123,922145334899,NULL,22,3),(131,1356978600000,1356978600000,619,1564,'TOB','D',1393597563035,795754480308,NULL,2,2),(132,1356978600000,1356978600000,1606,286,'Y','D',1393582966407,1357039826303,NULL,21,3),(133,1356978600000,1356978600000,1013,155,'TOB','E',1393614531915,446424006313,NULL,2,2),(134,1356978600000,1356978600000,594,909,'Y','A',1393566645407,1262546074587,NULL,16,2),(135,1356978600000,1356978600000,1404,1461,'Y','B',1393619058406,1389567171951,NULL,6,2),(136,1356978600000,1356978600000,914,308,'Y','D',1393613325675,530124494675,NULL,3,3),(137,1356978600000,1356978600000,1659,49,'Y','A',1393600870982,72290884045,NULL,22,2),(138,1356978600000,1356978600000,1105,768,'N','A',1393585992378,628554474075,NULL,15,2),(139,1356978600000,1356978600000,577,719,'Y','E',1393595721860,911553853427,NULL,19,2),(140,1356978600000,1356978600000,797,186,'Y','B',1393612187420,1238279519451,NULL,22,2),(141,1356978600000,1356978600000,1490,404,'Y','C',1393557503416,89022612156,NULL,7,2),(142,1356978600000,1356978600000,1131,1556,'N','D',1393599760781,236287769098,NULL,2,2),(143,1356978600000,1356978600000,242,1483,'Y','E',1393538088098,279769864089,NULL,6,3),(144,1356978600000,1356978600000,1022,891,'TOB','B',1393534651899,111787802317,NULL,22,2),(145,1356978600000,1356978600000,1234,150,'N','D',1393554775669,1127430016167,NULL,8,2),(146,1356978600000,1356978600000,852,469,'Y','A',1393585817013,1383584521657,NULL,13,3),(147,1356978600000,1356978600000,238,183,'Y','D',1393538738223,1342781644805,NULL,14,2),(148,1356978600000,1356978600000,1062,1312,'TOB','E',1393608830763,1076931003045,NULL,2,2),(149,1356978600000,1356978600000,402,1489,'N','D',1393583944082,534392496617,NULL,22,3),(150,1356978600000,1356978600000,982,831,'TOB','C',1393548654672,660389761519,NULL,5,2),(151,1356978600000,1356978600000,1122,713,'TOB','A',1393612425249,730643708995,NULL,8,2),(152,1356978600000,1356978600000,967,1196,'Y','B',1393543989043,434986511069,NULL,17,2),(153,1356978600000,1356978600000,1644,1175,'Y','C',1393586017359,17030766296,NULL,18,2),(154,1356978600000,1356978600000,470,1297,'TOB','E',1393594888526,788811730940,NULL,18,2),(155,1356978600000,1356978600000,1381,736,'Y','D',1393606431238,908960970596,NULL,2,2),(156,1356978600000,1356978600000,1361,283,'N','B',1393601609399,1026217995078,NULL,15,2),(157,1356978600000,1356978600000,492,206,'N','B',1393550939754,1302656496153,NULL,5,2),(158,1356978600000,1356978600000,1330,909,'TOB','D',1393539256199,133875016081,NULL,11,2),(159,1356978600000,1356978600000,246,1068,'N','B',1393592726145,593194645161,NULL,21,2),(160,1356978600000,1356978600000,1057,78,'TOB','B',1393569289461,387705608140,NULL,22,2),(161,1356978600000,1356978600000,834,246,'N','A',1393614710610,239448287163,NULL,12,3),(162,1356978600000,1356978600000,1088,648,'TOB','A',1393559737394,188178592054,NULL,4,2),(163,1356978600000,1356978600000,897,1121,'Y','C',1393550859196,72770963741,NULL,7,2),(164,1356978600000,1356978600000,614,480,'TOB','C',1393600724431,584741529801,NULL,19,3),(165,1356978600000,1356978600000,998,1560,'TOB','A',1393537364690,36315379101,NULL,9,2),(166,1356978600000,1356978600000,1499,1328,'N','A',1393612435034,342343434657,NULL,4,2),(167,1356978600000,1356978600000,1490,545,'TOB','D',1393557865885,841234774169,NULL,16,3),(168,1356978600000,1356978600000,1257,1388,'N','C',1393583102267,722358708812,NULL,7,2),(169,1356978600000,1356978600000,1028,1459,'N','C',1393555796704,821563537862,NULL,17,2),(170,1356978600000,1356978600000,820,1385,'Y','D',1393577251834,1020808699420,NULL,15,2),(171,1356978600000,1356978600000,388,1420,'N','A',1393615412479,1353533509258,NULL,4,2),(172,1356978600000,1356978600000,1222,22,'TOB','A',1393563454369,1272236047366,NULL,2,3),(173,1356978600000,1356978600000,715,885,'TOB','D',1393580037929,131212067128,NULL,7,3),(174,1356978600000,1356978600000,839,781,'N','B',1393557076506,1365057436203,NULL,5,2),(175,1356978600000,1356978600000,11,170,'TOB','C',1393548835934,679528797649,NULL,17,2),(176,1356978600000,1356978600000,46,520,'N','B',1393565420060,169212403013,NULL,15,2),(177,1356978600000,1356978600000,1414,629,'N','D',1393613954203,267469105038,NULL,2,2),(178,1356978600000,1356978600000,1105,580,'TOB','B',1393606474758,621009985271,NULL,10,2),(179,1356978600000,1356978600000,835,605,'TOB','C',1393603262627,869555921211,NULL,9,2),(180,1356978600000,1356978600000,128,651,'N','A',1393593629633,1360566062971,NULL,2,3),(181,1356978600000,1356978600000,48,1190,'TOB','D',1393572928611,1294082972375,NULL,17,2),(182,1356978600000,1356978600000,1308,608,'Y','D',1393543776069,560187241468,NULL,9,3),(183,1356978600000,1356978600000,323,666,'TOB','C',1393577774685,432956273087,NULL,2,3),(184,1356978600000,1356978600000,200,490,'TOB','C',1393603473602,245140746961,NULL,15,2),(185,1356978600000,1356978600000,1216,759,'Y','B',1393580932873,626602532866,NULL,14,3),(186,1356978600000,1356978600000,1128,371,'Y','E',1393568313825,134894401055,NULL,4,2),(187,1356978600000,1356978600000,546,322,'TOB','D',1393566380482,1184125440820,NULL,4,3),(188,1356978600000,1356978600000,1560,1564,'N','D',1393615627685,446564068612,NULL,5,2),(189,1356978600000,1356978600000,391,481,'TOB','E',1393535237721,1378274024611,NULL,19,3),(190,1356978600000,1356978600000,1405,1649,'N','D',1393593672598,342461452018,NULL,17,3),(191,1356978600000,1356978600000,1021,1047,'N','A',1393579623059,802792597690,NULL,20,3),(192,1356978600000,1356978600000,359,582,'TOB','D',1393552528484,951201042423,NULL,7,2),(193,1356978600000,1356978600000,459,991,'N','C',1393560463427,421701074079,NULL,5,3),(194,1356978600000,1356978600000,1051,221,'Y','C',1393535667675,799261154672,NULL,20,2),(195,1356978600000,1356978600000,771,1534,'N','D',1393551255132,569166095267,NULL,15,3),(196,1356978600000,1356978600000,343,354,'Y','C',1393542641289,1179593704750,NULL,9,2),(197,1356978600000,1356978600000,1289,467,'TOB','C',1393605083460,912707201623,NULL,12,2),(198,1356978600000,1356978600000,1059,1406,'TOB','E',1393565231435,342497592354,NULL,9,2),(199,1356978600000,1356978600000,1071,545,'N','D',1393555239828,33961289122,NULL,8,2),(200,1356978600000,1356978600000,1003,1318,'N','B',1393615154501,1174418241881,NULL,3,3);
/*!40000 ALTER TABLE `details` ENABLE KEYS */;
UNLOCK TABLES;

--
-- Table structure for table `place`
--

DROP TABLE IF EXISTS `place`;
/*!40101 SET @saved_cs_client     = @@character_set_client */;
/*!40101 SET character_set_client = utf8 */;
CREATE TABLE `place` (
  `place` varchar(50) DEFAULT NULL,
  `state_id` varchar(5) DEFAULT NULL,
  `id` int(5) NOT NULL AUTO_INCREMENT,
  PRIMARY KEY (`id`)
) ENGINE=InnoDB AUTO_INCREMENT=1668 DEFAULT CHARSET=latin1;
/*!40101 SET character_set_client = @saved_cs_client */;

--
-- Dumping data for table `place`
--

LOCK TABLES `place` WRITE;
/*!40000 ALTER TABLE `place` DISABLE KEYS */;
INSERT INTO `place` VALUES ('None','5',1),('Achabal','17',2),('Achalpur','24',3),('Achhnera','40',4),('Adari','40',5),('Adalaj','13',6),('Adilabad','2',7),('Adityana','13',8),('Pereyaapatna','19',9),('Adoni','2',10),('Adoor','20',11),('Adiyara','19',12),('Adra','42',13),('Afzalpura','19',14),('Agartala','39',15),('Agra','40',16),('Ahiwara','8',17),('Ahmedabad','13',18),('Ahmedgarh','33',19),('Ahmednagar','24',20),('Ahmedpur','24',21),('Aizawl','27',22),('Ajmer','34',23),('Ajra','24',24),('Akaltara','8',25),('Akbarpur','40',26),('Akathiyoor','20',27),('Akhnoor','17',28),('Akkalkot','24',29),('Akola','24',30),('Akot','24',31),('Alandha','19',32),('Alandi','24',33),('Alang','13',34),('Alappuzha','20',35),('Aldona','12',36),('Alibag','24',37),('Aligarh','40',38),('Alipurduar','42',39),('Allahabad','40',40),('Almora','41',41),('Aalanavara','19',42),('Along','4',43),('Alur','19',44),('Alwar','34',45),('Amadalavalasa','2',46),('Amalapuram','2',47),('Amalner','24',48),('Amarpur','6',49),('Ambad','24',50),('Ambagarh Chowki','8',51),('Ambaji','13',52),('Ambaliyasan','13',53),('Ambejogai','24',54),('Ambikaanagara','19',55),('Ambikapur','8',56),('Ambivali Tarf Wankhal','24',57),('Ameenapuram','2',58),('Amguri','5',59),('Amini','21',60),('Amlabad','18',61),('Amli','9',62),('Amravati','24',63),('Amreli','13',64),('Amritsar','33',65),('Amroha','40',66),('Anakapalle','2',67),('Anand','13',68),('Anandapur','30',69),('Anandnagaar','5',70),('Anantapur','2',71),('Anantnag','17',72),('Ancharakandy','20',73),('Andada','13',74),('Anekal','19',75),('Ankola','19',76),('Anjar','13',77),('Anjangaon','24',78),('Anklav','13',79),('Ankleshwar','13',80),('Annigeri','19',81),('Antaliya','13',82),('Anugul','30',83),('Ara','18',84),('Arambhada','13',85),('Arakkonam','36',86),('Araria','6',87),('Arang','8',88),('Arambagh','42',89),('Arsikere','19',90),('Arcot','36',91),('Areraj','6',92),('Ariyalur','38',93),('Arkalgud','19',94),('Arki','15',95),('Arnia','17',96),('Aroor','20',97),('Arrah','6',98),('Aruppukkottai','36',99),('Arvi','24',100),('Arwal','6',101),('Asankhurd','14',102),('Asansol','42',103),('Asarganj','6',104),('Ashok Nagar','22',105),('Ashta','24',106),('Ashtamichira','20',107),('Asika','30',108),('Asola','11',109),('Assandh','14',110),('Ateli','14',111),('Athni','19',112),('Attingal','20',113),('Atul','13',114),('Aurad','19',115),('Aurangabad','6',116),('Aurangabad','24',117),('Ausa','24',118),('Avinissery','20',119),('Awantipora','17',120),('Azamgarh','40',121),('Azmatgarh','40',122),('Babaleshwar','19',123),('Babiyal','14',124),('Baddi','15',125),('Bade Bacheli','8',126),('Badaun','40',127),('Badagaon','22',128),('Badepalle','2',129),('Badharghat','39',130),('Bagaha','6',131),('Bageshwar','41',132),('Bahadurgarh','14',133),('Bahadurganj','6',134),('Baharampur','42',135),('Bahraich','40',136),('Bairgania','6',137),('Bakhtiarpur','6',138),('Balaghat','22',139),('Balangir','30',140),('Balasore','30',141),('Baleshwar','30',142),('Bawana','11',143),('Bhiwadi','34',144),('Bali','34',145),('Bally','42',146),('Ballabhgarh','14',147),('Ballia','40',148),('Balod','8',149),('Baloda Bazar','8',150),('Balrampur','40',151),('Balurghat','42',152),('Bamra','30',153),('Bandar','40',154),('Bandikui','34',155),('Bandipore','17',156),('Bangalore','19',157),('Banganapalle','2',158),('Banka','6',159),('Banmankhi Bazar','6',160),('Banswara','34',161),('Bankura','42',162),('Bapatla','2',163),('Barakar','42',164),('Barahiya','6',165),('Baramati','24',166),('Baramula','17',167),('Baran','34',168),('Barasat','42',169),('Bardhaman','42',170),('Barauli','6',171),('Barbigha','6',172),('Bareilly','40',173),('Barughutu','18',174),('Basna','8',175),('Barbil','30',176),('Bargarh','30',177),('Barh','6',178),('Baripada','30',179),('Barmer','34',180),('Barnala','33',181),('Barpeta','5',182),('Barpeta Road','5',183),('Barrackpur','42',184),('Barwani','22',185),('Barwala','14',186),('Basavan Bagevadi','19',187),('Basudebpur','30',188),('Batala','33',189),('Bathinda','33',190),('Bawal','14',191),('Bazpur','41',192),('Beawar','34',193),('Begusarai','6',194),('Behea','6',195),('Belgaum','19',196),('Bellampalle','2',197),('Ballary','19',198),('Belpahar','30',199),('Bemetra','8',200),('Berinag','41',201),('Bethamcherla','2',202),('Bettiah','6',203),('Betul','22',204),('Bhabua','6',205),('Bhadrachalam','2',206),('Bhadrak','30',207),('Bhagalpur','6',208),('Bhagha Purana','33',209),('Bhainsa','2',210),('Bhajanpura','11',211),('Bhandara','24',212),('Bharatpur','34',213),('Bharthana','40',214),('Bharuch','13',215),('Bhatapara','8',216),('Bhavani','36',217),('Bhavnagar','13',218),('Bhawanipatna','30',219),('Bheemunipatnam','2',220),('Bhilai','8',221),('Bhilwara','34',222),('Bhimavaram','2',223),('Bhinmal','34',224),('Bhiwandi','24',225),('Bhiwani','14',226),('Bhongir','2',227),('Bhopal','22',228),('Bhuban','30',229),('None','30',230),('Bhuj','13',231),('Bhusawal','24',232),('Bidar','19',233),('Bidhan Nagar','42',234),('Bihar Sharif','6',235),('Bijapur','19',236),('Bijnor','40',237),('Bikaner','34',238),('Bikramganj','6',239),('Bilara','34',240),('Bilasipara','5',241),('Bilaspur','8',242),('Bilaspur','15',243),('Biramitrapur','30',244),('Birgaon','8',245),('Bobbili','2',246),('Bodhan','2',247),('Bodh Gaya','6',248),('Bokaro Steel City','18',249),('Bongaigaon City','5',250),('Bomdila','4',251),('Brahmapur','30',252),('Brajrajnagar','30',253),('Budaun','40',254),('Budhlada','33',255),('Bulandshahr','40',256),('Burhanpur','22',257),('Burla','30',258),('Buxar','6',259),('Byasanagar','30',260),('[[]]','13',261),('Chadchan','19',262),('Chaibasa','18',263),('Chakeri','40',264),('Chakradharpur','18',265),('Chalisgaon','24',266),('Chamba','15',267),('Chamba','41',268),('Champa','8',269),('Champawat','41',270),('Champhai','27',271),('Chamarajanagara','19',272),('None','7',273),('Chandil','18',274),('Chandausi','40',275),('Chandrapura','18',276),('Chanpatia','6',277),('Charkhi Dadri','14',278),('Chapirevula','2',279),('Chatra','18',280),('Charkhari','40',281),('Chalakudy','20',282),('Chandrapur','24',283),('Changanassery','20',284),('Cheeka','14',285),('Chendamangalam','20',286),('Chengalpattu','36',287),('Chengannur','20',288),('None','36',289),('Cherthala','20',290),('Cheruthazham','20',291),('Chhapra','6',292),('Chhatarpur','22',293),('Chhindwara','22',294),('Chikkodi','19',295),('Chikkamagalur','19',296),('Chilakaluripet','2',297),('Chinchani','24',298),('Chinna salem','36',299),('Chinthaamani','19',300),('Chiplun','24',301),('Chirala','2',302),('Chirkunda','18',303),('Chirmiri','8',304),('Chinsura','42',305),('Chitradurga','19',306),('Chittur-Thathamangalam','20',307),('Chitrakoot','22',308),('Chittoor','2',309),('Chockli','20',310),('Churi','18',311),('Churu','34',312),('Coimbatore','36',313),('Colgong','6',314),('Contai','42',315),('Cooch Behar','42',316),('Coonoor','36',317),('Cuddalore','36',318),('Cuddapah','2',319),('Curchorem Cacora','12',320),('Cuttack','30',321),('Chikkaballapura','19',322),('Chandan Bara','6',323),('Chaukori','41',324),('Dabra','22',325),('Dadri','40',326),('Dahod','13',327),('Dalhousie','15',328),('Dalkhola','42',329),('Dalli-Rajhara','8',330),('Dalsinghsarai','6',331),('Daltonganj','18',332),('Daman and Diu','10',333),('Damoh','22',334),('Darbhanga','6',335),('Darjeeling','42',336),('Dasua','33',337),('Datia','22',338),('Daudnagar','6',339),('Daund','24',340),('Davanagere','19',341),('Debagarh','31',342),('Deesa','13',343),('Dehegam','13',344),('Dehradun','41',345),('Dehri-on-Sone','6',346),('Delhi','11',347),('Deoghar','18',348),('Deoria','40',349),('Devarakonda','2',350),('Devar Hipparagi','19',351),('Devgarh','24',352),('Devgarh','34',353),('Dewas','22',354),('Dhampur','40',355),('Dhamtari','8',356),('Dhanbad','18',357),('Dhar','22',358),('Dharampur','13',359),('Dharamsala','15',360),('Dharmanagar','39',361),('Dharmapuri','36',362),('Dharmavaram','2',363),('Dharwad','19',364),('Dhekiajuli','5',365),('Dhenkanal','31',366),('Dholka','13',367),('Dhubri','5',368),('Dhule','24',369),('Dhulian','42',370),('Dhuri','33',371),('Dibrugarh','5',372),('Digboi','5',373),('Dighwara','6',374),('Dimapur','28',375),('Dinanagar','33',376),('Dindigul','36',377),('Diphu','5',378),('Dipka','8',379),('None','5',380),('Dombivli','24',381),('Dongargarh','8',382),('Duliajan Oil Town','5',383),('Dumdum','42',384),('Dumka','18',385),('Dumraon','6',386),('Durg-Bhilai Nagar','8',387),('Durgapur','24',388),('Durgapur','42',389),('Dwarka','13',390),('Ellenabad','14',391),('Eluru','2',392),('Erattupetta','20',393),('Erode','36',394),('Etah','40',395),('Etawah','40',396),('None','42',397),('Faizabad','40',398),('Falna','34',399),('Faridabad','14',400),('Faridkot','33',401),('Farooqnagar','2',402),('Farrukhabad','40',403),('Fatehabad','14',404),('Fatehabad','22',405),('Fatehabad','40',406),('Fatehgarh','40',407),('Fatehpur Chaurasi','40',408),('Fatehpur Sikri','40',409),('Fatehpur','34',410),('Fatehpur','40',411),('Fatehpur','40',412),('Fatwah','6',413),('Fazilka','33',414),('Forbesganj','6',415),('Firozabad','40',416),('Firozpur','33',417),('Firozpur Cantt.','33',418),('Gadarwara','22',419),('Gadhaga/Gadag','19',420),('Gadchiroli','24',421),('Gadwal','2',422),('Ganaur','14',423),('Gandhidham','13',424),('None','13',425),('None','35',426),('Ganjam','30',427),('Garhwa','18',428),('Gauripur','5',429),('Gauribidanur','19',430),('Gaya','6',431),('Gharaunda','14',432),('Ghatampur','40',433),('Ghatanji','24',434),('Ghatshila','18',435),('Ghaziabad','40',436),('Ghazipur','40',437),('Giddarbaha','33',438),('Gingee','36',439),('Giridih','18',440),('Goa Velha','12',441),('Goalpara','5',442),('Gobichettipalayam','36',443),('Gobindgarh','33',444),('Gobranawapara','8',445),('Godda','18',446),('Godhra','13',447),('Gogri Jamalpur','6',448),('Gohana','14',449),('Gokak','19',450),('Golaghat','5',451),('Gomoh','18',452),('Gondiya','24',453),('Gooty','2',454),('Gopalganj','6',455),('Gorakhpur','40',456),('Greater Noida','40',457),('Gudalur','36',458),('Gudalur','36',459),('Gudalur','36',460),('Gudivada','2',461),('Gudur','2',462),('Gulbarga','19',463),('Gumia','18',464),('Gumla','18',465),('Guna','22',466),('Gundlupet','19',467),('Guntakal','2',468),('Guntur','2',469),('Gunupur','30',470),('Gurdaspur','33',471),('Gurgaon','14',472),('Guruvayoor','20',473),('Guwahati','5',474),('Gwalior','22',475),('Haflong','5',476),('Hailakandi','5',477),('Hajipur','6',478),('Haldia','42',479),('Haldwani','41',480),('Hamirpur','15',481),('Hamirpur','40',482),('Hansi','14',483),('Hanuman Junction','2',484),('Hanumangarh','34',485),('Hapur','40',486),('Harda','22',487),('Hardoi','40',488),('Haridwar','41',489),('Haripad','20',490),('Harsawa','34',491),('Harur','36',492),('Haasana','19',493),('Hastinapur','40',494),('Hathras','40',495),('Hazaribag','18',496),('Hilsa','6',497),('Himatnagar','13',498),('Hindupur','2',499),('Hinjilicut','30',500),('Hisar','14',501),('Hisua','6',502),('Hodal','14',503),('Hojai','5',504),('Hoshiarpur','33',505),('Hosapet','19',506),('Howrah','42',507),('Hubbali','19',508),('Hukkeri','19',509),('Hugli-Chuchura','42',510),('Hussainabad','18',511),('None','2',512),('Ichalkaranji','24',513),('Ichchapuram','2',514),('Idar','13',515),('None','25',516),('Indirapuram','29',517),('Indi','19',518),('Indore','22',519),('Indranagar','39',520),('Irinjalakuda','20',521),('Islampur','6',522),('Islampur','42',523),('None','4',524),('Itarsi','22',525),('Idukki','20',526),('Jabalpur','22',527),('Jagadhri','14',528),('Jagatsinghapur','30',529),('Jagdalpur','8',530),('Jagdispur','6',531),('Jaggaiahpet','2',532),('Jagraon','33',533),('Jagtial','2',534),('None','34',535),('Jais','40',536),('Jaisalmer','34',537),('Jaitaran','34',538),('Jaitu','33',539),('Jajapur','30',540),('Jajmau','40',541),('Jalalabad','33',542),('Jalna','24',543),('Jalandhar Cantt.','33',544),('Jalandhar','33',545),('Jaleswar','30',546),('Jalgaon','24',547),('Jalpaiguri','42',548),('Jalore','34',549),('Jamalpur','6',550),('Jammalamadugu','2',551),('Jammu','17',552),('Jamnagar','13',553),('Jamshedpur','18',554),('Jamtara','18',555),('Jamui','6',556),('Jandiala','33',557),('Jangaon','2',558),('Janjgir','8',559),('Jashpurnagar','8',560),('Jaspur','41',561),('Jatani','30',562),('Jaunpur','40',563),('Jayankondam','36',564),('Jehanabad','6',565),('Jeypur','30',566),('Jhabua','22',567),('Jhajha','6',568),('Jhajjar','14',569),('Jhalawar','34',570),('Jhanjharpur','6',571),('Jhansi','40',572),('Jhargram','42',573),('Jharsuguda','30',574),('Jhumri Tilaiya','18',575),('Jhunjhunu','34',576),('Jind','14',577),('Joda','30',578),('Jodhpur','34',579),('Jogabani','6',580),('Jogendranagar','39',581),('Jorhat','5',582),('Jowai','26',583),('Junagadh','13',584),('Junnar','24',585),('Jhalda','42',586),('Kadapa','2',587),('Kadi','13',588),('Kadiri','2',589),('Kadirur','20',590),('Kagaznagar','2',591),('Kailaras','22',592),('Kailasahar','39',593),('Kaithal','14',594),('Kakching','25',595),('Kakinada','2',596),('Kalan Wali','14',597),('Kalavad','13',598),('Kalburgi','19',599),('Kalimpong','42',600),('Kalka','14',601),('Kalliasseri','20',602),('Kalpi','40',603),('Kalol','13',604),('Kalpetta','20',605),('Kalyan','24',606),('Kalyandurg','2',607),('Kamareddy','2',608),('Kamthi','24',609),('Kanchipuram','36',610),('Kanda','41',611),('Kandukur','2',612),('Kanhangad','20',613),('Kanjikkuzhi','20',614),('Kanker','8',615),('Kannur','20',616),('Kanpur','40',617),('Kantabanji','30',618),('Kanti','6',619),('Kapadvanj','13',620),('Kapurthala','33',621),('Karad','24',622),('Karaikal','32',623),('Karaikudi','36',624),('Karanjia','30',625),('Karimganj','5',626),('Karimnagar','2',627),('Karjan','13',628),('karjat','24',629),('Kaarkala','19',630),('Karnal','14',631),('Karoran','33',632),('Kartarpur','33',633),('Karur','36',634),('Karungal','36',635),('Karwar','19',636),('Kasaragod','20',637),('Kashipur','41',638),('Kathua','17',639),('Katihar','6',640),('Katni','22',641),('Katra','16',642),('Kavali','2',643),('None','21',644),('Kawardha','8',645),('Kayamkulam','20',646),('Kendrapara','30',647),('Kendujhar','30',648),('Keshod','13',649),('Keylong','15',650),('Khagaria','6',651),('Khalilabad','40',652),('Khambhalia','13',653),('Khambhat','13',654),('Khammam','2',655),('Khanna','33',656),('Kharagpur','6',657),('Kharagpur','42',658),('Kharar','33',659),('Kheda','13',660),('Khedbrahma','13',661),('Kheralu','13',662),('Kheri','40',663),('Khordha','30',664),('Khowai','39',665),('Khunti','18',666),('Khurai','22',667),('kichha','41',668),('Kishanganj','6',669),('Kochi','20',670),('Kodad','2',671),('Kodinar','13',672),('Kodungallur','20',673),('None','28',674),('Kokrajhar','5',675),('Kolar','19',676),('Kolhar','19',677),('Kolhapur','24',678),('Kolkata','42',679),('Kollam','20',680),('Kollankodu','36',681),('Kondagaon','8',682),('Konnagar','42',683),('Koothuparamba','20',684),('Koraput','30',685),('Korba','8',686),('Koratla','2',687),('Kot Kapura','33',688),('Kota','19',689),('Kota','34',690),('Kota','40',691),('Kotdwara','41',692),('Kothagudem','2',693),('Kothamangalam','20',694),('Kothapeta','2',695),('Kotma','22',696),('Kottayam','20',697),('Kovvur','2',698),('Kozhikode','20',699),('Kozhencherry','20',700),('Krishnanagar','42',701),('Kuchinda','30',702),('Kulpahar','40',703),('Kunnamkulam','20',704),('Kurali','33',705),('Kurnool','2',706),('Kurukshetra','14',707),('Kyathampalle','2',708),('Kamahi Devi','33',709),('Kalyani','42',710),('Lachhmangarh','34',711),('Ladnu','34',712),('Ladwa','14',713),('Lahar','22',714),('Laharpur','40',715),('Lakheri','34',716),('Lakhimpur','40',717),('Lakhisarai','6',718),('Lakshmishawara','19',719),('Lal Gopalganj Nindaura','40',720),('Lalganj','6',721),('Lalgudi','36',722),('Lalitpur','40',723),('Lalganj','40',724),('Lalsot','34',725),('Lanka','5',726),('Lar','40',727),('Lathi','13',728),('Latur','24',729),('Leh','17',730),('Lilong','25',731),('Limbdi','13',732),('Lingsuguru','19',733),('Loha','24',734),('Lohardaga','18',735),('Lonar','24',736),('Lonavla','24',737),('Longowal','33',738),('Loni','40',739),('Losal','34',740),('None','40',741),('Ludhiana','33',742),('Lumding','5',743),('Lunawada','13',744),('Lundi','22',745),('Lunglei','27',746),('Macherla','2',747),('Machilipatnam','2',748),('Madanapalle','2',749),('Maddhuru','19',750),('Margao','12',751),('Madhepura','6',752),('Madhubani','6',753),('Madhugiri','19',754),('Madhupur','18',755),('Madhyamgram','30',756),('Madikeri','19',757),('Madurai','36',758),('Maagadi','19',759),('Mahabaleswar','24',760),('Mahad','24',761),('Mahbubnagar','2',762),('Mahalingapura','19',763),('Maharajganj','6',764),('Maharajpur','22',765),('Mahasamund','8',766),('Mahe','32',767),('Mahendragarh','8',768),('Mahendragarh','14',769),('Mahesana','13',770),('Mahidpur','22',771),('Mahnar Bazar','6',772),('Mahoba','40',773),('Mahuli','24',774),('Mahuva','13',775),('Mahwa','34',776),('Maihar','22',777),('Mainaguri','42',778),('Makhdumpur','6',779),('Makrana','34',780),('Mal','42',781),('Malajkhand','22',782),('Malappuram','20',783),('Malavalli','19',784),('Malegaon','24',785),('Malerkotla','33',786),('Malkangiri','30',787),('Malkapur','24',788),('Malout','33',789),('Malpura','34',790),('Maaluru','19',791),('Manasa','22',792),('Manavadar','13',793),('Manawar','22',794),('Manchar','24',795),('Mancherial','2',796),('Mandalgarh','34',797),('Mandamarri','2',798),('Mandapeta','2',799),('Mandawa','34',800),('Mandi','15',801),('Mandi Dabwali','14',802),('Mandideep','22',803),('Mandla','22',804),('Mandsaur','22',805),('Mandvi','13',806),('Mandya','19',807),('Maner','6',808),('Manesar','14',809),('Mangalagiri','2',810),('Mangaldoi','5',811),('Mangalore','19',812),('Mangalvedhe','24',813),('Manglaur','41',814),('Mangrol','13',815),('Mangrol','34',816),('Mangrulpir','24',817),('Manihari','6',818),('Manjlegaon','24',819),('Mankachar','5',820),('Manmad','24',821),('Mansa','33',822),('Mansa','13',823),('Manuguru','2',824),('Maanvi','19',825),('Manwath','24',826),('Mapusa','12',827),('Margao','12',828),('Margherita','5',829),('Marhaura','6',830),('Mariani','5',831),('Marigaon','5',832),('Markapur','2',833),('Marmagao','12',834),('Masaurhi','6',835),('Mathabhanga','42',836),('Mathura','40',837),('Mattannur','20',838),('Mauganj','22',839),('Maur','33',840),('Mavelikkara','20',841),('Mavoor','20',842),('Mayang Imphal','25',843),('Medak','2',844),('Medinipur','42',845),('Meerut','40',846),('Mehkar','24',847),('Mehmedabad','13',848),('Memari','42',849),('Merta City','34',850),('Mhaswad','24',851),('Mhow Cantonment','22',852),('Mhowgaon','22',853),('Mihijam','18',854),('Mira-Bhayandar','24',855),('Miraj','24',856),('Mirganj','6',857),('Miryalaguda','2',858),('Mirzapur','40',859),('Mithapur','13',860),('Modasa','13',861),('Modinagar','40',862),('Moga','33',863),('Mogalthur','2',864),('Mohali','33',865),('Mohania','6',866),('Mokama','6',867),('Mokameh','6',868),('Mokokchung','28',869),('Monoharpur','42',870),('Moradabad','40',871),('Morena','22',872),('Morinda','33',873),('Morshi','24',874),('Morvi','13',875),('Motihari','6',876),('Motipur','6',877),('Mount Abu','34',878),('Mudalagi','19',879),('Mudabidri','19',880),('Muddebihala','19',881),('Mudhola','19',882),('Mukatsar','33',883),('Mukerian','33',884),('Mukhed','24',885),('Muktsar','33',886),('Mul','24',887),('Mulabaagilu','19',888),('Multai','22',889),('Mumbai','24',890),('Mundi','22',891),('Mundaragi','19',892),('Mungeli','8',893),('Munger','6',894),('Muradnagar','40',895),('Murliganj','6',896),('Murshidabad','42',897),('Murtijapur','24',898),('Murwara','22',899),('Musabani','18',900),('Mussoorie','41',901),('Muvattupuzha','20',902),('Muzaffarnagar','40',903),('Muzaffarpur','6',904),('Mysore','19',905),('Meethari Marwar','34',906),('Nabadwip','42',907),('Nabarangapur','30',908),('Nabha','33',909),('Nadbai','34',910),('Nadiad','13',911),('Nidagundi','19',912),('Nagaon','5',913),('Nagapattinam','36',914),('Nagar','34',915),('Nagari','2',916),('Nagarkurnool','2',917),('Nagaur','34',918),('Nagda','22',919),('Nagercoil','36',920),('Nagina','40',921),('Nagla','41',922),('Nagpur','24',923),('Nahan','15',924),('Naharlagun','4',925),('Naihati','42',926),('Naila Janjgir','8',927),('Nainital','41',928),('Nainpur','22',929),('Najafgarh','11',930),('Najibabad','40',931),('Nakodar','33',932),('Nakur','40',933),('Nalasopara','24',934),('Nalanda','6',935),('Nalbari','5',936),('Namagiripettai','36',937),('Namakkal','36',938),('Nanded-Waghala','24',939),('Nandgaon','24',940),('Nandivaram-Guduvancheri','36',941),('Nandura','24',942),('Nandurbar','24',943),('Nandyal','2',944),('Nangal','33',945),('Nanjanagoodu','19',946),('Nanjikottai','36',947),('Nanpara','40',948),('Narasapur','2',949),('Narasaraopet','2',950),('Naraura','40',951),('Narayanpet','2',952),('Narela','11',953),('Nargund','34',954),('Narkatiaganj','6',955),('Narkhed','24',956),('Narnaul','14',957),('Narsinghgarh','22',958),('Narsinghgarh','22',959),('Narsipatnam','2',960),('Narwana','14',961),('Nashik','24',962),('Nasirabad','34',963),('Natham','36',964),('Nathdwara','34',965),('Naugachhia','6',966),('Naugawan Sadat','40',967),('Nautanwa','40',968),('Navalgund','34',969),('Navi Mumbai','24',970),('Navsari','13',971),('Nawabganj','40',972),('Nawada','6',973),('Nawagarh','8',974),('Nawalgarh','34',975),('Nawanshahr','33',976),('Nawapur','24',977),('Nedumangad','20',978),('Neem-Ka-Thana','34',979),('Neemuch','22',980),('Nehtaur','40',981),('Nelamangala','34',982),('Nellikuppam','36',983),('Nellore','2',984),('Nepanagar','22',985),('None','11',986),('Neyveli','36',987),('Neyyattinkara','20',988),('Nidadavole','2',989),('Nilanga','24',990),('Nilambur','20',991),('Nimbahera','34',992),('Nippani','19',993),('Nirmal','2',994),('Niwai','34',995),('Niwari','22',996),('Nizamabad','2',997),('Nohar','34',998),('Noida','40',999),('Nokha','6',1000),('Nokha','34',1001),('Nongstoin','26',1002),('Noorpur','40',1003),('North Lakhimpur','5',1004),('Nowgong','22',1005),('Nowrozabad','22',1006),('Nuzvid','2',1007),('Oddanchatram','36',1008),('Obra','40',1009),('Ongole','2',1010),('Orai','40',1011),('Osmanabad','24',1012),('Ottappalam','20',1013),('Ozar','24',1014),('P.N.Patti','36',1015),('Pachora','24',1016),('Pachore','22',1017),('Pacode','36',1018),('Padmanabhapuram','36',1019),('Padra','13',1020),('Padrauna','40',1021),('Paithan','24',1022),('Pakaur','18',1023),('Palacole','2',1024),('Palai','20',1025),('Palakkad','20',1026),('Palani','36',1027),('Palanpur','13',1028),('Palasa Kasibugga','2',1029),('Palghar','24',1030),('Pali','34',1031),('Pali','22',1032),('Palia Kalan','40',1033),('Palitana','13',1034),('Pondur','2',1035),('Palladam','36',1036),('Pallapatti','36',1037),('Pallikonda','36',1038),('Palwal','14',1039),('Palwancha','2',1040),('Panagar','22',1041),('Panagudi','36',1042),('None','12',1043),('Panamattom','20',1044),('Panchkula','14',1045),('Panchla','42',1046),('Pandharkaoda','24',1047),('Pandharpur','24',1048),('Pandhurna','22',1049),('Pandua','42',1050),('Panipat','14',1051),('Panna','22',1052),('Panniyannur','20',1053),('Panruti','36',1054),('Panvel','24',1055),('Pappinisseri','20',1056),('Paradip','30',1057),('Paramakudi','36',1058),('Parangipettai','36',1059),('Parasi','40',1060),('Paravoor','20',1061),('Parbhani','24',1062),('Pardi','13',1063),('Parlakhemundi','30',1064),('Parli','24',1065),('Parola','24',1066),('Partur','24',1067),('Parvathipuram','2',1068),('Pasan','22',1069),('Paschim Punropara','42',1070),('Pasighat','4',1071),('Patan','13',1072),('Pathanamthitta','20',1073),('Pathankot','33',1074),('Pathardi','24',1075),('Pathri','24',1076),('Patiala','33',1077),('None','6',1078),('Patran','33',1079),('Patratu','18',1080),('Pattamundai','30',1081),('Patti','33',1082),('Pattukkottai','36',1083),('Patur','24',1084),('Pauni','24',1085),('Pauri','41',1086),('Paavagada','19',1087),('Pedana','2',1088),('Peddapuram','2',1089),('Pehowa','14',1090),('Pen','24',1091),('Penuganchiprolu','2',1092),('Perambalur','36',1093),('Peravurani','36',1094),('Peringathur','20',1095),('Perinthalmanna','20',1096),('Periyakulam','36',1097),('Periyasemur','36',1098),('Pernampattu','36',1099),('Perumbavoor','20',1100),('Petlad','13',1101),('Phagwara','33',1102),('Phalodi','34',1103),('Phaltan','24',1104),('Phillaur','33',1105),('Phulabani','30',1106),('Phulera','34',1107),('Phulpur','40',1108),('Phusro','18',1109),('Pihani','40',1110),('Pilani','34',1111),('Pilibanga','34',1112),('Pilibhit','40',1113),('Pilkhuwa','40',1114),('Pindwara','34',1115),('Pinjore','14',1116),('Pipar City','34',1117),('Pipariya','22',1118),('Piro','6',1119),('Pithampur','22',1120),('Pithapuram','2',1121),('Pithoragarh','41',1122),('Pollachi','36',1123),('Polur','36',1124),('None','32',1125),('Ponkunnam','20',1126),('Ponnani','20',1127),('Ponneri','36',1128),('Ponnur','2',1129),('Porbandar','13',1130),('Porsa','22',1131),('None','1',1132),('Powayan','40',1133),('Prantij','34',1134),('Pratapgarh','34',1135),('Pratapgarh','39',1136),('Prithvipur','22',1137),('Proddatur','2',1138),('Pudukkottai','36',1139),('Pudupattinam','36',1140),('Pukhrayan','40',1141),('Pulgaon','24',1142),('Puliyankudi','36',1143),('Punalur','20',1144),('Punch','17',1145),('Pune','24',1146),('Punjaipugalur','36',1147),('Punganur','2',1148),('Puranpur','40',1149),('Purna','24',1150),('Puri','30',1151),('Purnia','6',1152),('Purquazi','40',1153),('Purulia','42',1154),('Purwa','40',1155),('Pusad','24',1156),('Puthooru','19',1157),('Puthuppally','20',1158),('Puttur','2',1159),('Qadian','33',1160),('Quilandy','20',1161),('Rabakavi Banahatti','19',1162),('Radhanpur','13',1163),('Rae Bareli','40',1164),('Rafiganj','6',1165),('Raghogarh-Vijaypur','22',1166),('Raghunathpur','42',1167),('Raghunathganj','42',1168),('Rahatgarh','22',1169),('Raichuri','24',1170),('Raayachuru','19',1171),('Raiganj','42',1172),('Raigarh','8',1173),('Ranipet','36',1174),('Raikot','33',1175),('None','8',1176),('Rairangpur','30',1177),('Raisen','22',1178),('Raisinghnagar','34',1179),('Rajagangapur','30',1180),('Rajahmundry','2',1181),('Rajakhera','34',1182),('Rajaldesar','34',1183),('Rajam','2',1184),('Rajampet','2',1185),('Rajapalayam','36',1186),('Rajauri','17',1187),('Rajgarh (Alwar)','34',1188),('Rajgarh (Churu)','34',1189),('Rajgarh','22',1190),('Rajgir','6',1191),('Rajkot','13',1192),('Rajnandgaon','8',1193),('Rajpipla','13',1194),('Rajpura','33',1195),('Rajsamand','34',1196),('Rajula','13',1197),('Rajura','24',1198),('Ramachandrapuram','2',1199),('Ramagundam','2',1200),('Raamanagara','19',1201),('Ramanathapuram','36',1202),('Raamadurga','19',1203),('Rameshwaram','36',1204),('Ramganj Mandi','34',1205),('Ramngarh','18',1206),('Ramngarh','34',1207),('Ramnagar','6',1208),('Ramnagar','41',1209),('Rampur','40',1210),('Rampur Maniharan','40',1211),('Rampur Maniharan','40',1212),('Rampura Phul','33',1213),('Rampurhat','42',1214),('Ramtek','24',1215),('Ranaghat','42',1216),('Ranavav','13',1217),('None','18',1218),('Rangia','5',1219),('Rania','14',1220),('Ranibennur','19',1221),('Rapar','13',1222),('Rasipuram','36',1223),('Rasra','40',1224),('Ratangarh','34',1225),('Rath','40',1226),('Ratia','14',1227),('Ratlam','22',1228),('Ratnagiri','24',1229),('Rau','22',1230),('Raurkela','30',1231),('Raver','24',1232),('Rawatbhata','34',1233),('Rawatsar','34',1234),('Raxaul Bazar','6',1235),('Rayachoti','2',1236),('Rayadurg','2',1237),('Rayagada','30',1238),('Reengus','34',1239),('Rehli','22',1240),('Renigunta','2',1241),('Renukoot','40',1242),('Reoti','40',1243),('Repalle','2',1244),('Revelganj','6',1245),('Rewa','22',1246),('Rewari','14',1247),('Rishikesh','41',1248),('Risod','24',1249),('Robertsganj','40',1250),('Robertson Pet','19',1251),('Rohtak','14',1252),('Ron','19',1253),('Roorkee','41',1254),('Rosera','6',1255),('Rudauli','40',1256),('Rudrapur','41',1257),('Rudrapur','40',1258),('Rupnagar','33',1259),('Sabalgarh','22',1260),('Sadabad','40',1261),('Sadalaga','19',1262),('Sadasivpet','2',1263),('Sadri','34',1264),('Sadulshahar','34',1265),('Sadulpur','34',1266),('Safidon','14',1267),('Safipur','40',1268),('Sagar','22',1269),('Sagara','19',1270),('Sagwara','34',1271),('Saharanpur','40',1272),('Saharsa','6',1273),('Sahaspur','40',1274),('Sahaswan','40',1275),('Sahawar','40',1276),('Sahibganj','18',1277),('Sahjanwa','40',1278),('Saidpur','40',1279),('Saiha','27',1280),('Sailu','24',1281),('Sainthia','42',1282),('Sakaleshapura','19',1283),('Sakti','8',1284),('Salaya','13',1285),('Salem','36',1286),('Salur','2',1287),('Samalkha','14',1288),('Samalkot','2',1289),('Samana','33',1290),('Samastipur','6',1291),('Sambalpur','30',1292),('Sambhal','40',1293),('Sambhar','34',1294),('Samdhan','40',1295),('Samthar','40',1296),('Sanand','13',1297),('Sanawad','22',1298),('Sanchore','34',1299),('Sindagi','19',1300),('Sandi','40',1301),('Sandila','40',1302),('Sandur','19',1303),('Sangamner','24',1304),('Sangareddy','2',1305),('Sangaria','34',1306),('Sangli','24',1307),('Sangole','24',1308),('Sangrur','33',1309),('Sankarankoil','36',1310),('Sankari','36',1311),('Sankeshwara','19',1312),('Santipur','42',1313),('Sarangpur','22',1314),('Sardarshahar','34',1315),('Sardhana','40',1316),('Sarni','22',1317),('Sasaram','6',1318),('Sasvad','24',1319),('Satana','24',1320),('Satara','24',1321),('Satna','22',1322),('Sathyamangalam','36',1323),('Sattenapalle','2',1324),('Sattur','36',1325),('Saunda','18',1326),('Soudaththi-Yellamma','19',1327),('Sausar','22',1328),('Savarkundla','13',1329),('Savanur','19',1330),('Savner','24',1331),('Sawai Madhopur','34',1332),('Sawantwadi','24',1333),('Sedam','19',1334),('Sehore','22',1335),('Sendhwa','22',1336),('Seohara','40',1337),('Seoni','22',1338),('Seoni-Malwa','22',1339),('Shahabad','19',1340),('Shahabad, Hardoi','40',1341),('Shahabad, Rampur','40',1342),('Shahade','24',1343),('Shahbad','14',1344),('Shahdol','22',1345),('Shahganj','40',1346),('Shahjahanpur','40',1347),('Shahapura','19',1348),('Shahpura','34',1349),('Shahpura','34',1350),('Shajapur','22',1351),('Shamgarh','22',1352),('Shamli','40',1353),('Shamsabad, Agra','40',1354),('Shamsabad, Farrukhabad','40',1355),('Shegaon','24',1356),('Sheikhpura','6',1357),('Shendurjana','24',1358),('Shenkottai','36',1359),('Sheoganj','34',1360),('Sheohar','6',1361),('Sheopur','22',1362),('Sherghati','6',1363),('Sherkot','40',1364),('Shiggaavi','19',1365),('Shikapur','19',1366),('Shikarpur, Bulandshahr','40',1367),('Shikohabad','40',1368),('None','26',1369),('None','15',1370),('Shivamogga','19',1371),('Shirdi','24',1372),('Shirpur-Warwade','24',1373),('Shirur','24',1374),('Shishgarh','40',1375),('Shivpuri','22',1376),('Sholavandan','36',1377),('Sholingur','36',1378),('Shoranur','20',1379),('Surapura','19',1380),('Shrigonda','24',1381),('Shrirampur','24',1382),('Shree Rangapattana','19',1383),('Shujalpur','22',1384),('Siana','40',1385),('Sibsagar','5',1386),('Siddipet','2',1387),('Sidhi','22',1388),('Sidhpur','13',1389),('Sidhalaghatta','19',1390),('Sihor','13',1391),('Sihora','22',1392),('Sikanderpur','40',1393),('Sikandra Rao','40',1394),('Sikandrabad','40',1395),('Sikar','34',1396),('Silao','6',1397),('Silapathar','5',1398),('Silchar','5',1399),('Siliguri','42',1400),('Sillod','24',1401),('None','9',1402),('Simdega','18',1403),('Sindhagi','19',1404),('Sindhanooru','19',1405),('Singapur','2',1406),('Singrauli','22',1407),('Sinnar','24',1408),('Sira','19',1409),('Sircilla','2',1410),('Sirhind Fatehgarh Sahib','33',1411),('Sirkali','36',1412),('Sirohi','34',1413),('Sironj','22',1414),('Sirsa','14',1415),('Sirsaganj','40',1416),('Sirsi','19',1417),('Sirsi','40',1418),('Sheraguppa','19',1419),('Sitamarhi','6',1420),('Sitapur','40',1421),('Sitarganj','41',1422),('Sivaganga','36',1423),('Sivagiri','36',1424),('Sivakasi','36',1425),('Siwan','6',1426),('Sohagpur','22',1427),('Sohna','14',1428),('Sojat','34',1429),('Solan','15',1430),('Solapur','24',1431),('Sonamukhi','42',1432),('Sonepur','6',1433),('Songadh','13',1434),('Sonipat','14',1435),('Sopore','17',1436),('Soro','30',1437),('Soron','40',1438),('Soyagaon','24',1439),('Sri Madhopur','34',1440),('Srikakulam','2',1441),('Srikalahasti','2',1442),('None','17',1443),('Shreenivaasapura','19',1444),('Srisailam Project (Right Flank Colony) Township','2',1445),('Srirampore','42',1446),('Srivilliputhur','36',1447),('Suar','40',1448),('Sugauli','6',1449),('Sujangarh','34',1450),('Sujanpur','33',1451),('Sultanganj','6',1452),('Sultanpur','40',1453),('Sumerpur','34',1454),('Sumerpur','40',1455),('Sunabeda','30',1456),('Sunam','33',1457),('Sundargarh','30',1458),('Sundarnagar','15',1459),('Supaul','6',1460),('Surandai','36',1461),('Surat','13',1462),('Suratgarh','34',1463),('Suri','42',1464),('Suriyampalayam','36',1465),('Suryapet','2',1466),('Tadepalligudem','2',1467),('Tadpatri','2',1468),('Taki','42',1469),('Talaja','13',1470),('Talcher','30',1471),('Talegaon Dabhade','24',1472),('Thaalikote','19',1473),('Taliparamba','20',1474),('Talode','24',1475),('Talwara','33',1476),('Tamluk','42',1477),('Tanda','40',1478),('Tanda','40',1479),('Tandur','2',1480),('Tanuku','2',1481),('Tarakeswar','42',1482),('Tarana','22',1483),('Taranagar','34',1484),('Taraori','14',1485),('Tarbha','30',1486),('Tarikere','19',1487),('Tarn Taran','33',1488),('Tasgaon','24',1489),('Tehri','41',1490),('Tekkalakote','19',1491),('Tenali','2',1492),('Tenkasi','36',1493),('Tenu Dam-cum-Kathhara','18',1494),('Thergallu','19',1495),('Tetri Bazar','40',1496),('Tezpur','5',1497),('Thakurdwara','40',1498),('Thammampatti','36',1499),('Thana Bhawan','40',1500),('Thane','24',1501),('Thanesar','14',1502),('Thangadh','13',1503),('Thanjavur','36',1504),('Tharad','13',1505),('Tharamangalam','36',1506),('Tharangambadi','36',1507),('Theni Allinagaram','36',1508),('Thirumangalam','36',1509),('Thirunindravur','36',1510),('Thiruparappu','36',1511),('Thirupuvanam','36',1512),('Thiruthuraipoondi','36',1513),('Thiruvalla','20',1514),('Thiruvallur','36',1515),('Trivandrum','20',1516),('Thiruvarur','36',1517),('Thodupuzha','20',1518),('Thoothukudi','36',1519),('Thoubal','25',1520),('Thrissur','20',1521),('Thuraiyur','36',1522),('Tikamgarh','22',1523),('Tikota','19',1524),('Tilda Newra','8',1525),('Tilhar','40',1526),('Talikota','19',1527),('Tindivanam','36',1528),('Tinsukia','5',1529),('Thipatooru','19',1530),('Tirora','24',1531),('Tiruchendur','36',1532),('Tiruchengode','36',1533),('Tiruchirappalli','36',1534),('Tirukalukundram','36',1535),('Tirukkoyilur','36',1536),('Tirunelveli','36',1537),('Tirupathur','36',1538),('Tirupathur','36',1539),('Tirupati','2',1540),('Tiruppur','36',1541),('Tirur','20',1542),('Tiruttani','36',1543),('Tiruvannamalai','36',1544),('Tiruvethipuram','36',1545),('Tiruvuru','2',1546),('Tirwaganj','40',1547),('Titlagarh','30',1548),('Tittakudi','36',1549),('Todabhim','34',1550),('Todaraisingh','34',1551),('Tohana','14',1552),('Tonk','34',1553),('Tuensang','28',1554),('Tuljapur','24',1555),('Tulsipur','40',1556),('Thumakooru','19',1557),('Tumsar','24',1558),('Tundla','40',1559),('Tuni','2',1560),('Tura','26',1561),('Uchgaon','24',1562),('Udaipur','34',1563),('Udaipur','39',1564),('Udaipurwati','34',1565),('Udgir','24',1566),('Udhagamandalam','36',1567),('Udhampur','17',1568),('Udumalaipettai','36',1569),('Udupi','19',1570),('Ugar','19',1571),('Ujhani','22',1572),('Ujjain','22',1573),('Umarga','24',1574),('Umaria','22',1575),('Umarkhed','24',1576),('Umarkote','30',1577),('Umbergaon','13',1578),('Umred','24',1579),('Umreth','13',1580),('Una','13',1581),('Unjha','13',1582),('Unnamalaikadai','36',1583),('Unnao','40',1584),('Upleta','13',1585),('Uran','24',1586),('Uran Islampur','24',1587),('Uravakonda','2',1588),('Urmar Tanda','33',1589),('Usilampatti','36',1590),('Uthamapalayam','36',1591),('Uthiramerur','36',1592),('Utraula','40',1593),('Vadakara','20',1594),('Vadakkuvalliyur','36',1595),('Vadalur','36',1596),('Vadgaon Kasba','24',1597),('Vadipatti','36',1598),('Vadnagar','13',1599),('Vadodara','13',1600),('Vaijapur','24',1601),('Vaikom','20',1602),('Valparai','36',1603),('Valsad','13',1604),('Vandavasi','36',1605),('Vaniyambadi','36',1606),('Vapi','13',1607),('Vapi','13',1608),('Varanasi','40',1609),('Varkala','20',1610),('Vasai','24',1611),('Vedaranyam','36',1612),('Vellakoil','36',1613),('Vellore','36',1614),('Venkatagiri','2',1615),('Veraval','13',1616),('Vicarabad','2',1617),('Vidisha','22',1618),('Vijainagar','34',1619),('Vijapur','13',1620),('Vijaypur','41',1621),('Vijayapura','19',1622),('Vijayawada','2',1623),('Vikramasingapuram','36',1624),('Viluppuram','36',1625),('Vinukonda','2',1626),('Viramgam','13',1627),('Virar','24',1628),('Virudhachalam','36',1629),('Virudhunagar','36',1630),('Visakhapatnam','2',1631),('Visnagar','13',1632),('Viswanatham','36',1633),('Vita','24',1634),('Vizianagaram','2',1635),('Vrindavan','40',1636),('Vyara','13',1637),('Wadgaon Road','24',1638),('Wadhwan','13',1639),('Wadi','19',1640),('Wai','24',1641),('Wanaparthy','2',1642),('Wani','24',1643),('Wankaner','13',1644),('Wara Seoni','22',1645),('Warangal','2',1646),('Wardha','24',1647),('Warhapur','40',1648),('Warisaliganj','6',1649),('Warora','24',1650),('Warud','24',1651),('Washim','24',1652),('Wokha','28',1653),('Yaadhagiri','19',1654),('Yamunanagar','14',1655),('Yanam','32',1656),('Yavatmal','24',1657),('Yawal','24',1658),('Yellandu','2',1659),('Yemmiganur','2',1660),('Yerraguntla','2',1661),('Yevla','24',1662),('Zaid','40',1663),('Zamania','40',1664),('Zira','33',1665),('Zirakpur','33',1666),('Zunheboto','28',1667);
/*!40000 ALTER TABLE `place` ENABLE KEYS */;
UNLOCK TABLES;

--
-- Table structure for table `sample`
--

DROP TABLE IF EXISTS `sample`;
/*!40101 SET @saved_cs_client     = @@character_set_client */;
/*!40101 SET character_set_client = utf8 */;
CREATE TABLE `sample` (
  `id` int(10) DEFAULT NULL,
  `place` varchar(100) DEFAULT NULL,
  `state` varchar(25) DEFAULT NULL
) ENGINE=InnoDB DEFAULT CHARSET=latin1;
/*!40101 SET character_set_client = @saved_cs_client */;

--
-- Dumping data for table `sample`
--

LOCK TABLES `sample` WRITE;
/*!40000 ALTER TABLE `sample` DISABLE KEYS */;
INSERT INTO `sample` VALUES (1,' None ',' Assam '),(2,' Achabal ',' Jammu and Kashmir '),(3,' Achalpur ',' Maharashtra '),(4,' Achhnera ',' Uttar Pradesh '),(5,' Adari ',' Uttar Pradesh '),(6,' Adalaj ',' Gujarat '),(7,' Adilabad ',' Andhra Pradesh '),(8,' Adityana ',' Gujarat '),(9,'asdad','Karnataka'),(10,'Adoni','AndhraPradesh'),(11,' Adoor','Kerala'),(12,' Adiyara ','Karnataka'),(13,' Adra ',' West Bengal '),(14,' Afzalpura ',' Karnataka '),(15,' Agartala ',' Tripura '),(16,' Agra ',' Uttar Pradesh '),(17,' Ahiwara ',' Chhattisgarh '),(18,' Ahmedabad ',' Gujarat '),(19,' Ahmedgarh ',' Punjab '),(20,' Ahmednagar ',' Maharashtra '),(21,' Ahmedpur ',' Maharashtra '),(22,' Aizawl ',' Mizoram '),(23,' Ajmer ',' Rajasthan '),(24,' Ajra ',' Maharashtra '),(25,' Akaltara ',' Chhattisgarh '),(26,' Akbarpur ',' Uttar Pradesh '),(27,' Akathiyoor ',' Kerala '),(28,' Akhnoor ',' Jammu and Kashmir '),(29,' Akkalkot ',' Maharashtra '),(30,' Akola ',' Maharashtra '),(31,' Akot ',' Maharashtra '),(32,' Alandha ',' Karnataka '),(33,' Alandi ',' Maharashtra '),(34,' Alang ',' Gujarat '),(35,' Alappuzha ',' Kerala '),(36,' Aldona ',' Goa '),(37,' Alibag ',' Maharashtra '),(38,' Aligarh ',' Uttar Pradesh '),(39,' Alipurduar ',' West Bengal '),(40,' Allahabad ',' Uttar Pradesh '),(41,' Almora ',' Uttarakhand '),(42,' Aalanavara ',' Karnataka '),(43,' Along ',' Arunachal Pradesh '),(44,' Alur ',' Karnataka '),(45,' Alwar ',' Rajasthan '),(46,' Amadalavalasa ',' Andhra Pradesh '),(47,' Amalapuram ',' Andhra Pradesh '),(48,' Amalner ',' Maharashtra '),(49,' Amarpur ',' Bihar '),(50,' Ambad ',' Maharashtra '),(51,' Ambagarh Chowki ',' Chhattisgarh '),(52,' Ambaji ',' Gujarat '),(53,' Ambaliyasan ',' Gujarat '),(54,' Ambejogai ',' Maharashtra '),(55,' Ambikaanagara ',' Karnataka '),(56,' Ambikapur ',' Chhattisgarh '),(57,' Ambivali Tarf Wankhal ',' Maharashtra '),(58,' Ameenapuram ',' Andhra Pradesh '),(59,' Amguri ',' Assam '),(60,' Amini ',' Lakshadweep '),(61,' Amlabad ',' Jharkhand '),(62,' Amli ',' Dadra and Nagar Haveli '),(63,' Amravati ',' Maharashtra '),(64,' Amreli ',' Gujarat '),(65,' Amritsar ',' Punjab '),(66,' Amroha ',' Uttar Pradesh '),(67,' Anakapalle ',' Andhra Pradesh '),(68,' Anand ',' Gujarat '),(69,' Anandapur ',' Odisha '),(70,' Anandnagaar ',' Assam '),(71,' Anantapur ',' Andhra Pradesh '),(72,' Anantnag ',' Jammu and Kashmir '),(73,' Ancharakandy ',' Kerala '),(74,' Andada ',' Gujarat '),(75,' Anekal ',' Karnataka '),(76,' Ankola ',' Karnataka '),(77,' Anjar ',' Gujarat '),(78,' Anjangaon ',' Maharashtra '),(79,' Anklav ',' Gujarat '),(80,' Ankleshwar ',' Gujarat '),(81,' Annigeri ',' Karnataka '),(82,' Antaliya ',' Gujarat '),(83,' Anugul ',' Odisha '),(84,' Ara ',' Jharkhand '),(85,' Arambhada ',' Gujarat '),(86,' Arakkonam ',' Tamil Nadu '),(87,' Araria ',' Bihar '),(88,' Arang ',' Chhattisgarh '),(89,' Arambagh ',' West Bengal '),(90,' Arsikere ',' Karnataka '),(91,' Arcot ',' Tamil Nadu '),(92,' Areraj ',' Bihar '),(93,' Ariyalur ',' TamilNadu '),(94,' Arkalgud ',' Karnataka '),(95,' Arki ',' Himachal Pradesh '),(96,' Arnia ',' Jammu and Kashmir '),(97,' Aroor ',' Kerala '),(98,' Arrah ',' Bihar '),(99,' Aruppukkottai ',' Tamil Nadu '),(100,' Arvi ',' Maharashtra '),(101,' Arwal ',' Bihar '),(102,' Asankhurd ',' Haryana '),(103,' Asansol ',' West Bengal '),(104,' Asarganj ',' Bihar '),(105,' Ashok Nagar ',' Madhya Pradesh '),(106,' Ashta ',' Maharashtra '),(107,' Ashtamichira ',' Kerala '),(108,' Asika ',' Odisha '),(109,' Asola ',' Delhi '),(110,' Assandh ',' Haryana '),(111,' Ateli ',' Haryana '),(112,' Athni ',' Karnataka '),(113,' Attingal ',' Kerala '),(114,' Atul ',' Gujarat '),(115,' Aurad ',' Karnataka '),(116,' Aurangabad ',' Bihar '),(117,' Aurangabad ',' Maharashtra '),(118,' Ausa ',' Maharashtra '),(119,' Avinissery ',' Kerala '),(120,' Awantipora ',' Jammu and Kashmir '),(121,' Azamgarh ',' Uttar Pradesh '),(122,' Azmatgarh ',' Uttar Pradesh '),(123,' Babaleshwar ',' Karnataka '),(124,' Babiyal ',' Haryana '),(125,' Baddi ',' Himachal Pradesh '),(126,' Bade Bacheli ',' Chhattisgarh '),(127,' Badaun ',' Uttar Pradesh '),(128,' Badagaon ',' Madhya Pradesh '),(129,' Badepalle ',' Andhra Pradesh '),(130,' Badharghat ',' Tripura '),(131,' Bagaha ',' Bihar '),(132,' Bageshwar ',' Uttarakhand '),(133,' Bahadurgarh ',' Haryana '),(134,' Bahadurganj ',' Bihar '),(135,' Baharampur ',' West Bengal '),(136,' Bahraich ',' Uttar Pradesh '),(137,' Bairgania ',' Bihar '),(138,' Bakhtiarpur ',' Bihar '),(139,' Balaghat ',' Madhya Pradesh '),(140,' Balangir ',' Odisha '),(141,' Balasore ',' Odisha '),(142,' Baleshwar ',' Odisha '),(143,' Bawana ',' Delhi '),(144,' Bhiwadi ',' Rajasthan '),(145,' Bali ',' Rajasthan '),(146,' Bally ',' West Bengal '),(147,' Ballabhgarh ',' Haryana '),(148,' Ballia ',' Uttar Pradesh '),(149,' Balod ',' Chhattisgarh '),(150,' Baloda Bazar ',' Chhattisgarh '),(151,' Balrampur ',' Uttar Pradesh '),(152,' Balurghat ',' West Bengal '),(153,' Bamra ',' Odisha '),(154,' Bandar ',' Uttar Pradesh '),(155,' Bandikui ',' Rajasthan '),(156,' Bandipore ',' Jammu and Kashmir '),(157,' Bangalore ',' Karnataka '),(158,' Banganapalle ',' Andhra Pradesh '),(159,' Banka ',' Bihar '),(160,' Banmankhi Bazar ',' Bihar '),(161,' Banswara ',' Rajasthan '),(162,' Bankura ',' West Bengal '),(163,' Bapatla ',' Andhra Pradesh '),(164,' Barakar ',' West Bengal '),(165,' Barahiya ',' Bihar '),(166,' Baramati ',' Maharashtra '),(167,' Baramula ',' Jammu and Kashmir '),(168,' Baran ',' Rajasthan '),(169,' Barasat ',' West Bengal '),(170,' Bardhaman ',' West Bengal '),(171,' Barauli ',' Bihar '),(172,' Barbigha ',' Bihar '),(173,' Bareilly ',' Uttar Pradesh '),(174,' Barughutu ',' Jharkhand '),(175,' Basna ',' Chhattisgarh '),(176,' Barbil ',' Odisha '),(177,' Bargarh ',' Odisha '),(178,' Barh ',' Bihar '),(179,' Baripada ',' Odisha '),(180,' Barmer ',' Rajasthan '),(181,' Barnala ',' Punjab '),(182,' Barpeta ',' Assam '),(183,' Barpeta Road ',' Assam '),(184,' Barrackpur ',' West Bengal '),(185,' Barwani ',' Madhya Pradesh '),(186,' Barwala ',' Haryana '),(187,' Basavan Bagevadi ',' Karnataka '),(188,' Basudebpur ',' Odisha '),(189,' Batala ',' Punjab '),(190,' Bathinda ',' Punjab '),(191,' Bawal ',' Haryana '),(192,' Bazpur ',' Uttarakhand '),(193,' Beawar ',' Rajasthan '),(194,' Begusarai ',' Bihar '),(195,' Behea ',' Bihar '),(196,' Belgaum ',' Karnataka '),(197,' Bellampalle ',' Andhra Pradesh '),(198,' Ballary ',' Karnataka '),(199,' Belpahar ',' Odisha '),(200,' Bemetra ',' Chhattisgarh '),(201,' Berinag ',' Uttarakhand '),(202,' Bethamcherla ',' Andhra Pradesh '),(203,' Bettiah ',' Bihar '),(204,' Betul ',' Madhya Pradesh '),(205,' Bhabua ',' Bihar '),(206,' Bhadrachalam ',' Andhra Pradesh '),(207,' Bhadrak ',' Odisha '),(208,' Bhagalpur ',' Bihar '),(209,' Bhagha Purana ',' Punjab '),(210,' Bhainsa ',' Andhra Pradesh '),(211,' Bhajanpura ',' Delhi '),(212,' Bhandara ',' Maharashtra '),(213,' Bharatpur ',' Rajasthan '),(214,' Bharthana ',' Uttar Pradesh '),(215,' Bharuch ',' Gujarat '),(216,' Bhatapara ',' Chhattisgarh '),(217,' Bhavani ',' Tamil Nadu '),(218,' Bhavnagar ',' Gujarat '),(219,' Bhawanipatna ',' Odisha '),(220,' Bheemunipatnam ',' Andhra Pradesh '),(221,' Bhilai ',' Chhattisgarh '),(222,' Bhilwara ',' Rajasthan '),(223,' Bhimavaram ',' Andhra Pradesh '),(224,' Bhinmal ',' Rajasthan '),(225,' Bhiwandi ',' Maharashtra '),(226,' Bhiwani ',' Haryana '),(227,' Bhongir ',' Andhra Pradesh '),(228,' Bhopal ',' Madhya Pradesh '),(229,' Bhuban ',' Odisha '),(230,' None ',' Odisha '),(231,' Bhuj ',' Gujarat '),(232,' Bhusawal ',' Maharashtra '),(233,' Bidar ',' Karnataka '),(234,' Bidhan Nagar ',' West Bengal '),(235,' Bihar Sharif ',' Bihar '),(236,' Bijapur ',' Karnataka '),(237,' Bijnor ',' Uttar Pradesh '),(238,' Bikaner ',' Rajasthan '),(239,' Bikramganj ',' Bihar '),(240,' Bilara ',' Rajasthan '),(241,' Bilasipara ',' Assam '),(242,' Bilaspur ',' Chhattisgarh '),(243,' Bilaspur ',' Himachal Pradesh '),(244,' Biramitrapur ',' Odisha '),(245,' Birgaon ',' Chhattisgarh '),(246,' Bobbili ',' Andhra Pradesh '),(247,' Bodhan ',' Andhra Pradesh '),(248,' Bodh Gaya ',' Bihar '),(249,' Bokaro Steel City ',' Jharkhand '),(250,' Bongaigaon City ',' Assam '),(251,' Bomdila ',' Arunachal Pradesh '),(252,' Brahmapur ',' Odisha '),(253,' Brajrajnagar ',' Odisha '),(254,' Budaun ',' Uttar Pradesh '),(255,' Budhlada ',' Punjab '),(256,' Bulandshahr ',' Uttar Pradesh '),(257,' Burhanpur ',' Madhya Pradesh '),(258,' Burla ',' Odisha '),(259,' Buxar ',' Bihar '),(260,' Byasanagar ',' Odisha '),(261,' [[]] ',' Gujarat '),(262,' Chadchan ',' Karnataka '),(263,' Chaibasa ',' Jharkhand '),(264,' Chakeri ',' Uttar Pradesh '),(265,' Chakradharpur ',' Jharkhand '),(266,' Chalisgaon ',' Maharashtra '),(267,' Chamba ',' Himachal Pradesh '),(268,' Chamba ',' Uttarakhand '),(269,' Champa ',' Chhattisgarh '),(270,' Champawat ',' Uttarakhand '),(271,' Champhai ',' Mizoram '),(272,' Chamarajanagara ',' Karnataka '),(273,' None ',' Chandigarh '),(274,' Chandil ',' Jharkhand '),(275,' Chandausi ',' Uttar Pradesh '),(276,' Chandrapura ',' Jharkhand '),(277,' Chanpatia ',' Bihar '),(278,' Charkhi Dadri ',' Haryana '),(279,' Chapirevula ',' Andhra Pradesh '),(280,' Chatra ',' Jharkhand '),(281,' Charkhari ',' Uttar Pradesh '),(282,' Chalakudy ',' Kerala '),(283,' Chandrapur ',' Maharashtra '),(284,' Changanassery ',' Kerala '),(285,' Cheeka ',' Haryana '),(286,' Chendamangalam ',' Kerala '),(287,' Chengalpattu ',' Tamil Nadu '),(288,' Chengannur ',' Kerala '),(289,' None ',' Tamil Nadu '),(290,' Cherthala ',' Kerala '),(291,' Cheruthazham ',' Kerala '),(292,' Chhapra ',' Bihar '),(293,' Chhatarpur ',' Madhya Pradesh '),(294,' Chhindwara ',' Madhya Pradesh '),(295,' Chikkodi ',' Karnataka '),(296,' Chikkamagalur ',' Karnataka '),(297,' Chilakaluripet ',' Andhra Pradesh '),(298,' Chinchani ',' Maharashtra '),(299,' Chinna salem ',' Tamil nadu '),(300,' Chinthaamani ',' Karnataka '),(301,' Chiplun ',' Maharashtra '),(302,' Chirala ',' Andhra Pradesh '),(303,' Chirkunda ',' Jharkhand '),(304,' Chirmiri ',' Chhattisgarh '),(305,' Chinsura ',' West Bengal '),(306,' Chitradurga ',' Karnataka '),(307,' Chittur-Thathamangalam ',' Kerala '),(308,' Chitrakoot ',' Madhya Pradesh '),(309,' Chittoor ',' Andhra Pradesh '),(310,' Chockli ',' Kerala '),(311,' Churi ',' Jharkhand '),(312,' Churu ',' Rajasthan '),(313,' Coimbatore ',' Tamil Nadu '),(314,' Colgong ',' Bihar '),(315,' Contai ',' West Bengal '),(316,' Cooch Behar ',' West Bengal '),(317,' Coonoor ',' Tamil Nadu '),(318,' Cuddalore ',' Tamil Nadu '),(319,' Cuddapah ',' Andhra Pradesh '),(320,' Curchorem Cacora ',' Goa '),(321,' Cuttack ',' Odisha '),(322,' Chikkaballapura ',' Karnataka '),(323,' Chandan Bara ',' Bihar '),(324,' Chaukori ',' Uttarakhand '),(325,' Dabra ',' Madhya Pradesh '),(326,' Dadri ',' Uttar Pradesh '),(327,' Dahod ',' Gujarat '),(328,' Dalhousie ',' Himachal Pradesh '),(329,' Dalkhola ',' West Bengal '),(330,' Dalli-Rajhara ',' Chhattisgarh '),(331,' Dalsinghsarai ',' Bihar '),(332,' Daltonganj ',' Jharkhand '),(333,' Daman and Diu ',' Daman and Diu '),(334,' Damoh ',' Madhya Pradesh '),(335,' Darbhanga ',' Bihar '),(336,' Darjeeling ',' West Bengal '),(337,' Dasua ',' Punjab '),(338,' Datia ',' Madhya Pradesh '),(339,' Daudnagar ',' Bihar '),(340,' Daund ',' Maharashtra '),(341,' Davanagere ',' Karnataka '),(342,' Debagarh ',' Orissa '),(343,' Deesa ',' Gujarat '),(344,' Dehegam ',' Gujarat '),(345,' Dehradun ',' Uttarakhand '),(346,' Dehri-on-Sone ',' Bihar '),(347,' Delhi ',' Delhi '),(348,' Deoghar ',' Jharkhand '),(349,' Deoria ',' Uttar Pradesh '),(350,' Devarakonda ',' Andhra Pradesh '),(351,' Devar Hipparagi ',' Karnataka '),(352,' Devgarh ',' Maharashtra '),(353,' Devgarh ',' Rajasthan '),(354,' Dewas ',' Madhya Pradesh '),(355,' Dhampur ',' Uttar Pradesh '),(356,' Dhamtari ',' Chhattisgarh '),(357,' Dhanbad ',' Jharkhand '),(358,' Dhar ',' Madhya Pradesh '),(359,' Dharampur ',' Gujarat '),(360,' Dharamsala ',' Himachal Pradesh '),(361,' Dharmanagar ',' Tripura '),(362,' Dharmapuri ',' Tamil Nadu '),(363,' Dharmavaram ',' Andhra Pradesh '),(364,' Dharwad ',' Karnataka '),(365,' Dhekiajuli ',' Assam '),(366,' Dhenkanal ',' Orissa '),(367,' Dholka ',' Gujarat '),(368,' Dhubri ',' Assam '),(369,' Dhule ',' Maharashtra '),(370,' Dhulian ',' West Bengal '),(371,' Dhuri ',' Punjab '),(372,' Dibrugarh ',' Assam '),(373,' Digboi ',' Assam '),(374,' Dighwara ',' Bihar '),(375,' Dimapur ',' Nagaland '),(376,' Dinanagar ',' Punjab '),(377,' Dindigul ',' Tamil Nadu '),(378,' Diphu ',' Assam '),(379,' Dipka ',' Chhattisgarh '),(380,' None ',' Assam '),(381,' Dombivli ',' Maharashtra '),(382,' Dongargarh ',' Chhattisgarh '),(383,' Duliajan Oil Town ',' Assam '),(384,' Dumdum ',' West Bengal '),(385,' Dumka ',' Jharkhand '),(386,' Dumraon ',' Bihar '),(387,' Durg-Bhilai Nagar ',' Chhattisgarh '),(388,' Durgapur ',' Maharashtra '),(389,' Durgapur ',' West Bengal '),(390,' Dwarka ',' Gujarat '),(391,' Ellenabad ',' Haryana '),(392,' Eluru ',' Andhra Pradesh '),(393,' Erattupetta ',' Kerala '),(394,' Erode ',' Tamil Nadu '),(395,' Etah ',' Uttar Pradesh '),(396,' Etawah ',' Uttar Pradesh '),(397,' None ',' West Bengal '),(398,' Faizabad ',' Uttar Pradesh '),(399,' Falna ',' Rajasthan '),(400,' Faridabad ',' Haryana '),(401,' Faridkot ',' Punjab '),(402,' Farooqnagar ',' Andhra Pradesh '),(403,' Farrukhabad ',' Uttar Pradesh '),(404,' Fatehabad ',' Haryana '),(405,' Fatehabad ',' Madhya Pradesh '),(406,' Fatehabad ',' Uttar Pradesh '),(407,' Fatehgarh ',' Uttar Pradesh '),(408,' Fatehpur Chaurasi ',' Uttar Pradesh '),(409,' Fatehpur Sikri ',' Uttar Pradesh '),(410,' Fatehpur ',' Rajasthan '),(411,' Fatehpur ',' Uttar Pradesh '),(412,' Fatehpur ',' Uttar Pradesh '),(413,' Fatwah ',' Bihar '),(414,' Fazilka ',' Punjab '),(415,' Forbesganj ',' Bihar '),(416,' Firozabad ',' Uttar Pradesh '),(417,' Firozpur ',' Punjab '),(418,' Firozpur Cantt. ',' Punjab '),(419,' Gadarwara ',' Madhya Pradesh '),(420,' Gadhaga/Gadag ',' Karnataka '),(421,' Gadchiroli ',' Maharashtra '),(422,' Gadwal ',' Andhra Pradesh '),(423,' Ganaur ',' Haryana '),(424,' Gandhidham ',' Gujarat '),(425,' None ',' Gujarat '),(426,' None ',' Sikkim '),(427,' Ganjam ',' Odisha '),(428,' Garhwa ',' Jharkhand '),(429,' Gauripur ',' Assam '),(430,' Gauribidanur ',' Karnataka '),(431,' Gaya ',' Bihar '),(432,' Gharaunda ',' Haryana '),(433,' Ghatampur ',' Uttar Pradesh '),(434,' Ghatanji ',' Maharashtra '),(435,' Ghatshila ',' Jharkhand '),(436,' Ghaziabad ',' Uttar Pradesh '),(437,' Ghazipur ',' Uttar Pradesh '),(438,' Giddarbaha ',' Punjab '),(439,' Gingee ',' Tamil Nadu '),(440,' Giridih ',' Jharkhand '),(441,' Goa Velha ',' Goa '),(442,' Goalpara ',' Assam '),(443,' Gobichettipalayam ',' Tamil Nadu '),(444,' Gobindgarh ',' Punjab '),(445,' Gobranawapara ',' Chhattisgarh '),(446,' Godda ',' Jharkhand '),(447,' Godhra ',' Gujarat '),(448,' Gogri Jamalpur ',' Bihar '),(449,' Gohana ',' Haryana '),(450,' Gokak ',' Karnataka '),(451,' Golaghat ',' Assam '),(452,' Gomoh ',' Jharkhand '),(453,' Gondiya ',' Maharashtra '),(454,' Gooty ',' Andhra Pradesh '),(455,' Gopalganj ',' Bihar '),(456,' Gorakhpur ',' Uttar Pradesh '),(457,' Greater Noida ',' Uttar Pradesh '),(458,' Gudalur ',' Tamil Nadu '),(459,' Gudalur ',' Tamil Nadu '),(460,' Gudalur ',' Tamil Nadu '),(461,' Gudivada ',' Andhra Pradesh '),(462,' Gudur ',' Andhra Pradesh '),(463,' Gulbarga ',' Karnataka '),(464,' Gumia ',' Jharkhand '),(465,' Gumla ',' Jharkhand '),(466,' Guna ',' Madhya Pradesh '),(467,' Gundlupet ',' Karnataka '),(468,' Guntakal ',' Andhra Pradesh '),(469,' Guntur ',' Andhra Pradesh '),(470,' Gunupur ',' Odisha '),(471,' Gurdaspur ',' Punjab '),(472,' Gurgaon ',' Haryana '),(473,' Guruvayoor ',' Kerala '),(474,' Guwahati ',' Assam '),(475,' Gwalior ',' Madhya pradesh '),(476,' Haflong ',' Assam '),(477,' Hailakandi ',' Assam '),(478,' Hajipur ',' Bihar '),(479,' Haldia ',' West Bengal '),(480,' Haldwani ',' Uttarakhand '),(481,' Hamirpur ',' Himachal Pradesh '),(482,' Hamirpur ',' Uttar Pradesh '),(483,' Hansi ',' Haryana '),(484,' Hanuman Junction ',' Andhra Pradesh '),(485,' Hanumangarh ',' Rajasthan '),(486,' Hapur ',' Uttar Pradesh '),(487,' Harda ',' Madhya Pradesh '),(488,' Hardoi ',' Uttar Pradesh '),(489,' Haridwar ',' Uttarakhand '),(490,' Haripad ',' Kerala '),(491,' Harsawa ',' Rajasthan '),(492,' Harur ',' Tamil Nadu '),(493,' Haasana ',' Karnataka '),(494,' Hastinapur ',' Uttar Pradesh '),(495,' Hathras ',' Uttar Pradesh '),(496,' Hazaribag ',' Jharkhand '),(497,' Hilsa ',' Bihar '),(498,' Himatnagar ',' Gujarat '),(499,' Hindupur ',' Andhra Pradesh '),(500,' Hinjilicut ',' Odisha '),(501,' Hisar ',' Haryana '),(502,' Hisua ',' Bihar '),(503,' Hodal ',' Haryana '),(504,' Hojai ',' Assam '),(505,' Hoshiarpur ',' Punjab '),(506,' Hosapet ',' Karnataka '),(507,' Howrah ',' West Bengal '),(508,' Hubbali ',' Karnataka '),(509,' Hukkeri ',' Karnataka '),(510,' Hugli-Chuchura ',' West Bengal '),(511,' Hussainabad ',' Jharkhand '),(512,' None ',' Andhra Pradesh '),(513,' Ichalkaranji ',' Maharashtra '),(514,' Ichchapuram ',' Andhra Pradesh '),(515,' Idar ',' Gujarat '),(516,' None ',' Manipur '),(517,' Indirapuram ',' National Capital Region '),(518,' Indi ',' Karnataka '),(519,' Indore ',' Madhya Pradesh '),(520,' Indranagar ',' Tripura '),(521,' Irinjalakuda ',' Kerala '),(522,' Islampur ',' Bihar '),(523,' Islampur ',' West Bengal '),(524,' None ',' Arunachal Pradesh '),(525,' Itarsi ',' Madhya Pradesh '),(526,' Idukki ',' Kerala '),(527,' Jabalpur ',' Madhya Pradesh '),(528,' Jagadhri ',' Haryana '),(529,' Jagatsinghapur ',' Odisha '),(530,' Jagdalpur ',' Chhattisgarh '),(531,' Jagdispur ',' Bihar '),(532,' Jaggaiahpet ',' Andhra Pradesh '),(533,' Jagraon ',' Punjab '),(534,' Jagtial ',' Andhra Pradesh '),(535,' None ',' Rajasthan '),(536,' Jais ',' Uttar Pradesh '),(537,' Jaisalmer ',' Rajasthan '),(538,' Jaitaran ',' Rajasthan '),(539,' Jaitu ',' Punjab '),(540,' Jajapur ',' Odisha '),(541,' Jajmau ',' Uttar Pradesh '),(542,' Jalalabad ',' Punjab '),(543,' Jalna ',' Maharashtra '),(544,' Jalandhar Cantt. ',' Punjab '),(545,' Jalandhar ',' Punjab '),(546,' Jaleswar ',' Odisha '),(547,' Jalgaon ',' Maharashtra '),(548,' Jalpaiguri ',' West Bengal '),(549,' Jalore ',' Rajasthan '),(550,' Jamalpur ',' Bihar '),(551,' Jammalamadugu ',' Andhra Pradesh '),(552,' Jammu ',' Jammu and Kashmir '),(553,' Jamnagar ',' Gujarat '),(554,' Jamshedpur ',' Jharkhand '),(555,' Jamtara ',' Jharkhand '),(556,' Jamui ',' Bihar '),(557,' Jandiala ',' Punjab '),(558,' Jangaon ',' Andhra Pradesh '),(559,' Janjgir ',' Chhattisgarh '),(560,' Jashpurnagar ',' Chhattisgarh '),(561,' Jaspur ',' Uttarakhand '),(562,' Jatani ',' Odisha '),(563,' Jaunpur ',' Uttar Pradesh '),(564,' Jayankondam ',' Tamil Nadu '),(565,' Jehanabad ',' Bihar '),(566,' Jeypur ',' Odisha '),(567,' Jhabua ',' Madhya Pradesh '),(568,' Jhajha ',' Bihar '),(569,' Jhajjar ',' Haryana '),(570,' Jhalawar ',' Rajasthan '),(571,' Jhanjharpur ',' Bihar '),(572,' Jhansi ',' Uttar Pradesh '),(573,' Jhargram ',' West Bengal '),(574,' Jharsuguda ',' Odisha '),(575,' Jhumri Tilaiya ',' Jharkhand '),(576,' Jhunjhunu ',' Rajasthan '),(577,' Jind ',' Haryana '),(578,' Joda ',' Odisha '),(579,' Jodhpur ',' Rajasthan '),(580,' Jogabani ',' Bihar '),(581,' Jogendranagar ',' Tripura '),(582,' Jorhat ',' Assam '),(583,' Jowai ',' Meghalaya '),(584,' Junagadh ',' Gujarat '),(585,' Junnar ',' Maharashtra '),(586,' Jhalda ',' West Bengal '),(587,' Kadapa ',' Andhra Pradesh '),(588,' Kadi ',' Gujarat '),(589,' Kadiri ',' Andhra Pradesh '),(590,' Kadirur ',' Kerala '),(591,' Kagaznagar ',' Andhra Pradesh '),(592,' Kailaras ',' Madhya Pradesh '),(593,' Kailasahar ',' Tripura '),(594,' Kaithal ',' Haryana '),(595,' Kakching ',' Manipur '),(596,' Kakinada ',' Andhra Pradesh '),(597,' Kalan Wali ',' Haryana '),(598,' Kalavad ',' Gujarat '),(599,' Kalburgi ',' Karnataka '),(600,' Kalimpong ',' West Bengal '),(601,' Kalka ',' Haryana '),(602,' Kalliasseri ',' Kerala '),(603,' Kalpi ',' Uttar Pradesh '),(604,' Kalol ',' Gujarat '),(605,' Kalpetta ',' Kerala '),(606,' Kalyan ',' Maharashtra '),(607,' Kalyandurg ',' Andhra Pradesh '),(608,' Kamareddy ',' Andhra Pradesh '),(609,' Kamthi ',' Maharashtra '),(610,' Kanchipuram ',' Tamil Nadu '),(611,' Kanda ',' Uttarakhand '),(612,' Kandukur ',' Andhra Pradesh '),(613,' Kanhangad ',' Kerala '),(614,' Kanjikkuzhi ',' Kerala '),(615,' Kanker ',' Chhattisgarh '),(616,' Kannur ',' Kerala '),(617,' Kanpur ',' Uttar Pradesh '),(618,' Kantabanji ',' Odisha '),(619,' Kanti ',' Bihar '),(620,' Kapadvanj ',' Gujarat '),(621,' Kapurthala ',' Punjab '),(622,' Karad ',' Maharashtra '),(623,' Karaikal ',' Puducherry '),(624,' Karaikudi ',' Tamil Nadu '),(625,' Karanjia ',' Odisha '),(626,' Karimganj ',' Assam '),(627,' Karimnagar ',' Andhra Pradesh '),(628,' Karjan ',' Gujarat '),(629,' karjat ',' maharashtra '),(630,' Kaarkala ',' Karnataka '),(631,' Karnal ',' Haryana '),(632,' Karoran ',' Punjab '),(633,' Kartarpur ',' Punjab '),(634,' Karur ',' Tamil Nadu '),(635,' Karungal ',' Tamil Nadu '),(636,' Karwar ',' Karnataka '),(637,' Kasaragod ',' Kerala '),(638,' Kashipur ',' Uttarakhand '),(639,' Kathua ',' Jammu and Kashmir '),(640,' Katihar ',' Bihar '),(641,' Katni ',' Madhya Pradesh '),(642,' Katra ',' Jammu & Kashmir '),(643,' Kavali ',' Andhra Pradesh '),(644,' None ',' Lakshadweep '),(645,' Kawardha ',' Chhattisgarh '),(646,' Kayamkulam ',' Kerala '),(647,' Kendrapara ',' Odisha '),(648,' Kendujhar ',' Odisha '),(649,' Keshod ',' Gujarat '),(650,' Keylong ',' Himachal Pradesh '),(651,' Khagaria ',' Bihar '),(652,' Khalilabad ',' Uttar Pradesh '),(653,' Khambhalia ',' Gujarat '),(654,' Khambhat ',' Gujarat '),(655,' Khammam ',' Andhra Pradesh '),(656,' Khanna ',' Punjab '),(657,' Kharagpur ',' Bihar '),(658,' Kharagpur ',' West Bengal '),(659,' Kharar ',' Punjab '),(660,' Kheda ',' Gujarat '),(661,' Khedbrahma ',' Gujarat '),(662,' Kheralu ',' Gujarat '),(663,' Kheri ',' Uttar Pradesh '),(664,' Khordha ',' Odisha '),(665,' Khowai ',' Tripura '),(666,' Khunti ',' Jharkhand '),(667,' Khurai ',' Madhya Pradesh '),(668,' kichha ',' Uttarakhand '),(669,' Kishanganj ',' Bihar '),(670,' Kochi ',' Kerala '),(671,' Kodad ',' Andhra Pradesh '),(672,' Kodinar ',' Gujarat '),(673,' Kodungallur ',' Kerala '),(674,' None ',' Nagaland '),(675,' Kokrajhar ',' Assam '),(676,' Kolar ',' Karnataka '),(677,' Kolhar ',' Karnataka '),(678,' Kolhapur ',' Maharashtra '),(679,' Kolkata ',' West Bengal '),(680,' Kollam ',' Kerala '),(681,' Kollankodu ',' Tamil Nadu '),(682,' Kondagaon ',' Chhattisgarh '),(683,' Konnagar ',' West Bengal '),(684,' Koothuparamba ',' Kerala '),(685,' Koraput ',' Odisha '),(686,' Korba ',' Chhattisgarh '),(687,' Koratla ',' Andhra Pradesh '),(688,' Kot Kapura ',' Punjab '),(689,' Kota ',' Karnataka '),(690,' Kota ',' Rajasthan '),(691,' Kota ',' Uttar Pradesh '),(692,' Kotdwara ',' Uttarakhand '),(693,' Kothagudem ',' Andhra Pradesh '),(694,' Kothamangalam ',' Kerala '),(695,' Kothapeta ',' Andhra Pradesh '),(696,' Kotma ',' Madhya Pradesh '),(697,' Kottayam ',' Kerala '),(698,' Kovvur ',' Andhra Pradesh '),(699,' Kozhikode ',' Kerala '),(700,' Kozhencherry ',' Kerala '),(701,' Krishnanagar ',' West Bengal '),(702,' Kuchinda ',' Odisha '),(703,' Kulpahar ',' Uttar Pradesh '),(704,' Kunnamkulam ',' Kerala '),(705,' Kurali ',' Punjab '),(706,' Kurnool ',' Andhra Pradesh '),(707,' Kurukshetra ',' Haryana '),(708,' Kyathampalle ',' Andhra Pradesh '),(709,' Kamahi Devi ',' Punjab '),(710,' Kalyani ',' West bengal '),(711,' Lachhmangarh ',' Rajasthan '),(712,' Ladnu ',' Rajasthan '),(713,' Ladwa ',' Haryana '),(714,' Lahar ',' Madhya Pradesh '),(715,' Laharpur ',' Uttar Pradesh '),(716,' Lakheri ',' Rajasthan '),(717,' Lakhimpur ',' Uttar Pradesh '),(718,' Lakhisarai ',' Bihar '),(719,' Lakshmishawara ',' Karnataka '),(720,' Lal Gopalganj Nindaura ',' Uttar Pradesh '),(721,' Lalganj ',' Bihar '),(722,' Lalgudi ',' Tamil Nadu '),(723,' Lalitpur ',' Uttar Pradesh '),(724,' Lalganj ',' Uttar Pradesh '),(725,' Lalsot ',' Rajasthan '),(726,' Lanka ',' Assam '),(727,' Lar ',' Uttar Pradesh '),(728,' Lathi ',' Gujarat '),(729,' Latur ',' Maharashtra '),(730,' Leh ',' Jammu and Kashmir '),(731,' Lilong ',' Manipur '),(732,' Limbdi ',' Gujarat '),(733,' Lingsuguru ',' Karnataka '),(734,' Loha ',' Maharashtra '),(735,' Lohardaga ',' Jharkhand '),(736,' Lonar ',' Maharashtra '),(737,' Lonavla ',' Maharashtra '),(738,' Longowal ',' Punjab '),(739,' Loni ',' Uttar Pradesh '),(740,' Losal ',' Rajasthan '),(741,' None ',' Uttar Pradesh '),(742,' Ludhiana ',' Punjab '),(743,' Lumding ',' Assam '),(744,' Lunawada ',' Gujarat '),(745,' Lundi ',' Madhya Pradesh '),(746,' Lunglei ',' Mizoram '),(747,' Macherla ',' Andhra Pradesh '),(748,' Machilipatnam ',' Andhra Pradesh '),(749,' Madanapalle ',' Andhra Pradesh '),(750,' Maddhuru ',' Karnataka '),(751,' Margao ',' Goa '),(752,' Madhepura ',' Bihar '),(753,' Madhubani ',' Bihar '),(754,' Madhugiri ',' Karnataka '),(755,' Madhupur ',' Jharkhand '),(756,' Madhyamgram ',' Odisha '),(757,' Madikeri ',' Karnataka '),(758,' Madurai ',' Tamil Nadu '),(759,' Maagadi ',' Karnataka '),(760,' Mahabaleswar ',' Maharashtra '),(761,' Mahad ',' Maharashtra '),(762,' Mahbubnagar ',' Andhra Pradesh '),(763,' Mahalingapura ',' Karnataka '),(764,' Maharajganj ',' Bihar '),(765,' Maharajpur ',' Madhya Pradesh '),(766,' Mahasamund ',' Chhattisgarh '),(767,' Mahe ',' Puducherry '),(768,' Mahendragarh ',' Chhattisgarh '),(769,' Mahendragarh ',' Haryana '),(770,' Mahesana ',' Gujarat '),(771,' Mahidpur ',' Madhya Pradesh '),(772,' Mahnar Bazar ',' Bihar '),(773,' Mahoba ',' Uttar Pradesh '),(774,' Mahuli ',' Maharashtra '),(775,' Mahuva ',' Gujarat '),(776,' Mahwa ',' Rajasthan '),(777,' Maihar ',' Madhya Pradesh '),(778,' Mainaguri ',' West Bengal '),(779,' Makhdumpur ',' Bihar '),(780,' Makrana ',' Rajasthan '),(781,' Mal ',' West Bengal '),(782,' Malajkhand ',' Madhya Pradesh '),(783,' Malappuram ',' Kerala '),(784,' Malavalli ',' Karnataka '),(785,' Malegaon ',' Maharashtra '),(786,' Malerkotla ',' Punjab '),(787,' Malkangiri ',' Odisha '),(788,' Malkapur ',' Maharashtra '),(789,' Malout ',' Punjab '),(790,' Malpura ',' Rajasthan '),(791,' Maaluru ',' Karnataka '),(792,' Manasa ',' Madhya Pradesh '),(793,' Manavadar ',' Gujarat '),(794,' Manawar ',' Madhya Pradesh '),(795,' Manchar ',' Maharashtra '),(796,' Mancherial ',' Andhra Pradesh '),(797,' Mandalgarh ',' Rajasthan '),(798,' Mandamarri ',' Andhra Pradesh '),(799,' Mandapeta ',' Andhra Pradesh '),(800,' Mandawa ',' Rajasthan '),(801,' Mandi ',' Himachal Pradesh '),(802,' Mandi Dabwali ',' Haryana '),(803,' Mandideep ',' Madhya Pradesh '),(804,' Mandla ',' Madhya Pradesh '),(805,' Mandsaur ',' Madhya Pradesh '),(806,' Mandvi ',' Gujarat '),(807,' Mandya ',' Karnataka '),(808,' Maner ',' Bihar '),(809,' Manesar ',' Haryana '),(810,' Mangalagiri ',' Andhra Pradesh '),(811,' Mangaldoi ',' Assam '),(812,' Mangalore ',' Karnataka '),(813,' Mangalvedhe ',' Maharashtra '),(814,' Manglaur ',' Uttarakhand '),(815,' Mangrol ',' Gujarat '),(816,' Mangrol ',' Rajasthan '),(817,' Mangrulpir ',' Maharashtra '),(818,' Manihari ',' Bihar '),(819,' Manjlegaon ',' Maharashtra '),(820,' Mankachar ',' Assam '),(821,' Manmad ',' Maharashtra '),(822,' Mansa ',' Punjab '),(823,' Mansa ',' Gujarat '),(824,' Manuguru ',' Andhra Pradesh '),(825,' Maanvi ',' Karnataka '),(826,' Manwath ',' Maharashtra '),(827,' Mapusa ',' Goa '),(828,' Margao ',' Goa '),(829,' Margherita ',' Assam '),(830,' Marhaura ',' Bihar '),(831,' Mariani ',' Assam '),(832,' Marigaon ',' Assam '),(833,' Markapur ',' Andhra Pradesh '),(834,' Marmagao ',' Goa '),(835,' Masaurhi ',' Bihar '),(836,' Mathabhanga ',' West Bengal '),(837,' Mathura ',' Uttar Pradesh '),(838,' Mattannur ',' Kerala '),(839,' Mauganj ',' Madhya Pradesh '),(840,' Maur ',' Punjab '),(841,' Mavelikkara ',' Kerala '),(842,' Mavoor ',' Kerala '),(843,' Mayang Imphal ',' Manipur '),(844,' Medak ',' Andhra Pradesh '),(845,' Medinipur ',' West Bengal '),(846,' Meerut ',' Uttar Pradesh '),(847,' Mehkar ',' Maharashtra '),(848,' Mehmedabad ',' Gujarat '),(849,' Memari ',' West Bengal '),(850,' Merta City ',' Rajasthan '),(851,' Mhaswad ',' Maharashtra '),(852,' Mhow Cantonment ',' Madhya Pradesh '),(853,' Mhowgaon ',' Madhya Pradesh '),(854,' Mihijam ',' Jharkhand '),(855,' Mira-Bhayandar ',' Maharashtra '),(856,' Miraj ',' Maharashtra '),(857,' Mirganj ',' Bihar '),(858,' Miryalaguda ',' Andhra Pradesh '),(859,' Mirzapur ',' Uttar Pradesh '),(860,' Mithapur ',' Gujarat '),(861,' Modasa ',' Gujarat '),(862,' Modinagar ',' Uttar Pradesh '),(863,' Moga ',' Punjab '),(864,' Mogalthur ',' Andhra Pradesh '),(865,' Mohali ',' Punjab '),(866,' Mohania ',' Bihar '),(867,' Mokama ',' Bihar '),(868,' Mokameh ',' Bihar '),(869,' Mokokchung ',' Nagaland '),(870,' Monoharpur ',' West Bengal '),(871,' Moradabad ',' Uttar Pradesh '),(872,' Morena ',' Madhya Pradesh '),(873,' Morinda ',' Punjab '),(874,' Morshi ',' Maharashtra '),(875,' Morvi ',' Gujarat '),(876,' Motihari ',' Bihar '),(877,' Motipur ',' Bihar '),(878,' Mount Abu ',' Rajasthan '),(879,' Mudalagi ',' Karnataka '),(880,' Mudabidri ',' Karnataka '),(881,' Muddebihala ',' Karnataka '),(882,' Mudhola ',' Karnataka '),(883,' Mukatsar ',' Punjab '),(884,' Mukerian ',' Punjab '),(885,' Mukhed ',' Maharashtra '),(886,' Muktsar ',' Punjab '),(887,' Mul ',' Maharashtra '),(888,' Mulabaagilu ',' Karnataka '),(889,' Multai ',' Madhya Pradesh '),(890,' Mumbai ',' Maharashtra '),(891,' Mundi ',' Madhya Pradesh '),(892,' Mundaragi ',' Karnataka '),(893,' Mungeli ',' Chhattisgarh '),(894,' Munger ',' Bihar '),(895,' Muradnagar ',' Uttar Pradesh '),(896,' Murliganj ',' Bihar '),(897,' Murshidabad ',' West Bengal '),(898,' Murtijapur ',' Maharashtra '),(899,' Murwara ',' Madhya Pradesh '),(900,' Musabani ',' Jharkhand '),(901,' Mussoorie ',' Uttarakhand '),(902,' Muvattupuzha ',' Kerala '),(903,' Muzaffarnagar ',' Uttar Pradesh '),(904,' Muzaffarpur ',' Bihar '),(905,' Mysore ',' Karnataka '),(906,' Meethari Marwar ',' Rajasthan '),(907,' Nabadwip ',' West Bengal '),(908,' Nabarangapur ',' Odisha '),(909,' Nabha ',' Punjab '),(910,' Nadbai ',' Rajasthan '),(911,' Nadiad ',' Gujarat '),(912,' Nidagundi ',' Karnataka '),(913,' Nagaon ',' Assam '),(914,' Nagapattinam ',' Tamil Nadu '),(915,' Nagar ',' Rajasthan '),(916,' Nagari ',' Andhra Pradesh '),(917,' Nagarkurnool ',' Andhra Pradesh '),(918,' Nagaur ',' Rajasthan '),(919,' Nagda ',' Madhya Pradesh '),(920,' Nagercoil ',' Tamil Nadu '),(921,' Nagina ',' Uttar Pradesh '),(922,' Nagla ',' Uttarakhand '),(923,' Nagpur ',' Maharashtra '),(924,' Nahan ',' Himachal Pradesh '),(925,' Naharlagun ',' Arunachal Pradesh '),(926,' Naihati ',' West Bengal '),(927,' Naila Janjgir ',' Chhattisgarh '),(928,' Nainital ',' Uttarakhand '),(929,' Nainpur ',' Madhya Pradesh '),(930,' Najafgarh ',' Delhi '),(931,' Najibabad ',' Uttar Pradesh '),(932,' Nakodar ',' Punjab '),(933,' Nakur ',' Uttar Pradesh '),(934,' Nalasopara ',' Maharashtra '),(935,' Nalanda ',' Bihar '),(936,' Nalbari ',' Assam '),(937,' Namagiripettai ',' Tamil Nadu '),(938,' Namakkal ',' Tamil Nadu '),(939,' Nanded-Waghala ',' Maharashtra '),(940,' Nandgaon ',' Maharashtra '),(941,' Nandivaram-Guduvancheri ',' Tamil Nadu '),(942,' Nandura ',' Maharashtra '),(943,' Nandurbar ',' Maharashtra '),(944,' Nandyal ',' Andhra Pradesh '),(945,' Nangal ',' Punjab '),(946,' Nanjanagoodu ',' Karnataka '),(947,' Nanjikottai ',' Tamil Nadu '),(948,' Nanpara ',' Uttar Pradesh '),(949,' Narasapur ',' Andhra Pradesh '),(950,' Narasaraopet ',' Andhra Pradesh '),(951,' Naraura ',' Uttar Pradesh '),(952,' Narayanpet ',' Andhra Pradesh '),(953,' Narela ',' Delhi '),(954,' Nargund ',' Rajasthan '),(955,' Narkatiaganj ',' Bihar '),(956,' Narkhed ',' Maharashtra '),(957,' Narnaul ',' Haryana '),(958,' Narsinghgarh ',' Madhya Pradesh '),(959,' Narsinghgarh ',' Madhya Pradesh '),(960,' Narsipatnam ',' Andhra Pradesh '),(961,' Narwana ',' Haryana '),(962,' Nashik ',' Maharashtra '),(963,' Nasirabad ',' Rajasthan '),(964,' Natham ',' Tamil Nadu '),(965,' Nathdwara ',' Rajasthan '),(966,' Naugachhia ',' Bihar '),(967,' Naugawan Sadat ',' Uttar Pradesh '),(968,' Nautanwa ',' Uttar Pradesh '),(969,' Navalgund ',' Rajasthan '),(970,' Navi Mumbai ',' Maharashtra '),(971,' Navsari ',' Gujarat '),(972,' Nawabganj ',' Uttar Pradesh '),(973,' Nawada ',' Bihar '),(974,' Nawagarh ',' Chhattisgarh '),(975,' Nawalgarh ',' Rajasthan '),(976,' Nawanshahr ',' Punjab '),(977,' Nawapur ',' Maharashtra '),(978,' Nedumangad ',' Kerala '),(979,' Neem-Ka-Thana ',' Rajasthan '),(980,' Neemuch ',' Madhya Pradesh '),(981,' Nehtaur ',' Uttar Pradesh '),(982,' Nelamangala ',' Rajasthan '),(983,' Nellikuppam ',' Tamil Nadu '),(984,' Nellore ',' Andhra Pradesh '),(985,' Nepanagar ',' Madhya Pradesh '),(986,' None ',' Delhi '),(987,' Neyveli ',' Tamil Nadu '),(988,' Neyyattinkara ',' Kerala '),(989,' Nidadavole ',' Andhra Pradesh '),(990,' Nilanga ',' Maharashtra '),(991,' Nilambur ',' Kerala '),(992,' Nimbahera ',' Rajasthan '),(993,' Nippani ',' Karnataka '),(994,' Nirmal ',' Andhra Pradesh '),(995,' Niwai ',' Rajasthan '),(996,' Niwari ',' Madhya Pradesh '),(997,' Nizamabad ',' Andhra Pradesh '),(998,' Nohar ',' Rajasthan '),(999,' Noida ',' Uttar Pradesh '),(1000,' Nokha ',' Bihar '),(1001,' Nokha ',' Rajasthan '),(1002,' Nongstoin ',' Meghalaya '),(1003,' Noorpur ',' Uttar Pradesh '),(1004,' North Lakhimpur ',' Assam '),(1005,' Nowgong ',' Madhya Pradesh '),(1006,' Nowrozabad ',' Madhya Pradesh '),(1007,' Nuzvid ',' Andhra Pradesh '),(1009,' Oddanchatram ',' Tamil Nadu '),(1010,' Obra ',' Uttar Pradesh '),(1011,' Ongole ',' Andhra Pradesh '),(1012,' Orai ',' Uttar Pradesh '),(1013,' Osmanabad ',' Maharashtra '),(1014,' Ottappalam ',' Kerala '),(1015,' Ozar ',' Maharashtra '),(1016,' P.N.Patti ',' Tamil Nadu '),(1017,' Pachora ',' Maharashtra '),(1018,' Pachore ',' Madhya Pradesh '),(1019,' Pacode ',' Tamil Nadu '),(1020,' Padmanabhapuram ',' Tamil Nadu '),(1021,' Padra ',' Gujarat '),(1022,' Padrauna ',' Uttar Pradesh '),(1023,' Paithan ',' Maharashtra '),(1024,' Pakaur ',' Jharkhand '),(1025,' Palacole ',' Andhra Pradesh '),(1026,' Palai ',' Kerala '),(1027,' Palakkad ',' Kerala '),(1028,' Palani ',' Tamil Nadu '),(1029,' Palanpur ',' Gujarat '),(1030,' Palasa Kasibugga ',' Andhra Pradesh '),(1031,' Palghar ',' Maharashtra '),(1032,' Pali ',' Rajasthan '),(1033,' Pali ',' Madhya Pradesh '),(1034,' Palia Kalan ',' Uttar Pradesh '),(1035,' Palitana ',' Gujarat '),(1036,' Pondur ',' Andhra pradesh '),(1037,' Palladam ',' Tamil Nadu '),(1038,' Pallapatti ',' Tamil Nadu '),(1039,' Pallikonda ',' Tamil Nadu '),(1040,' Palwal ',' Haryana '),(1041,' Palwancha ',' Andhra Pradesh '),(1042,' Panagar ',' Madhya Pradesh '),(1043,' Panagudi ',' Tamil Nadu '),(1044,' None ',' Goa '),(1045,' Panamattom ',' Kerala '),(1046,' Panchkula ',' Haryana '),(1047,' Panchla ',' West Bengal '),(1048,' Pandharkaoda ',' Maharashtra '),(1049,' Pandharpur ',' Maharashtra '),(1050,' Pandhurna ',' Madhya Pradesh '),(1051,' Pandua ',' West Bengal '),(1052,' Panipat ',' Haryana '),(1053,' Panna ',' Madhya Pradesh '),(1054,' Panniyannur ',' Kerala '),(1055,' Panruti ',' Tamil Nadu '),(1056,' Panvel ',' Maharashtra '),(1057,' Pappinisseri ',' Kerala '),(1058,' Paradip ',' Odisha '),(1059,' Paramakudi ',' Tamil Nadu '),(1060,' Parangipettai ',' Tamil Nadu '),(1061,' Parasi ',' Uttar Pradesh '),(1062,' Paravoor ',' Kerala '),(1063,' Parbhani ',' Maharashtra '),(1064,' Pardi ',' Gujarat '),(1065,' Parlakhemundi ',' Odisha '),(1066,' Parli ',' Maharashtra '),(1067,' Parola ',' Maharashtra '),(1068,' Partur ',' Maharashtra '),(1069,' Parvathipuram ',' Andhra Pradesh '),(1070,' Pasan ',' Madhya Pradesh '),(1071,' Paschim Punropara ',' West Bengal '),(1072,' Pasighat ',' Arunachal Pradesh '),(1073,' Patan ',' Gujarat '),(1074,' Pathanamthitta ',' Kerala '),(1075,' Pathankot ',' Punjab '),(1076,' Pathardi ',' Maharashtra '),(1077,' Pathri ',' Maharashtra '),(1078,' Patiala ',' Punjab '),(1079,' None ',' Bihar '),(1080,' Patran ',' Punjab '),(1081,' Patratu ',' Jharkhand '),(1082,' Pattamundai ',' Odisha '),(1083,' Patti ',' Punjab '),(1084,' Pattukkottai ',' Tamil Nadu '),(1085,' Patur ',' Maharashtra '),(1086,' Pauni ',' Maharashtra '),(1087,' Pauri ',' Uttarakhand '),(1088,' Paavagada ',' Karnataka '),(1089,' Pedana ',' Andhra Pradesh '),(1090,' Peddapuram ',' Andhra Pradesh '),(1091,' Pehowa ',' Haryana '),(1092,' Pen ',' Maharashtra '),(1093,' Penuganchiprolu ',' Andhra Pradesh '),(1094,' Perambalur ',' Tamil Nadu '),(1095,' Peravurani ',' Tamil Nadu '),(1096,' Peringathur ',' Kerala '),(1097,' Perinthalmanna ',' Kerala '),(1098,' Periyakulam ',' Tamil Nadu '),(1099,' Periyasemur ',' Tamil Nadu '),(1100,' Pernampattu ',' Tamil Nadu '),(1101,' Perumbavoor ',' Kerala '),(1102,' Petlad ',' Gujarat '),(1103,' Phagwara ',' Punjab '),(1104,' Phalodi ',' Rajasthan '),(1105,' Phaltan ',' Maharashtra '),(1106,' Phillaur ',' Punjab '),(1107,' Phulabani ',' Odisha '),(1108,' Phulera ',' Rajasthan '),(1109,' Phulpur ',' Uttar Pradesh '),(1110,' Phusro ',' Jharkhand '),(1111,' Pihani ',' Uttar Pradesh '),(1112,' Pilani ',' Rajasthan '),(1113,' Pilibanga ',' Rajasthan '),(1114,' Pilibhit ',' Uttar Pradesh '),(1115,' Pilkhuwa ',' Uttar Pradesh '),(1116,' Pindwara ',' Rajasthan '),(1117,' Pinjore ',' Haryana '),(1118,' Pipar City ',' Rajasthan '),(1119,' Pipariya ',' Madhya Pradesh '),(1120,' Piro ',' Bihar '),(1121,' Pithampur ',' Madhya Pradesh '),(1122,' Pithapuram ',' Andhra Pradesh '),(1123,' Pithoragarh ',' Uttarakhand '),(1124,' Pollachi ',' Tamil Nadu '),(1125,' Polur ',' Tamil Nadu '),(1126,' None ',' Puducherry '),(1127,' Ponkunnam ',' Kerala '),(1128,' Ponnani ',' Kerala '),(1129,' Ponneri ',' Tamil Nadu '),(1130,' Ponnur ',' Andhra Pradesh '),(1131,' Porbandar ',' Gujarat '),(1132,' Porsa ',' Madhya Pradesh '),(1133,' None ',' Andaman and Nicobar Isla'),(1134,' Powayan ',' Uttar Pradesh '),(1135,' Prantij ',' Rajasthan '),(1136,' Pratapgarh ',' Rajasthan '),(1137,' Pratapgarh ',' Tripura '),(1138,' Prithvipur ',' Madhya Pradesh '),(1139,' Proddatur ',' Andhra Pradesh '),(1140,' Pudukkottai ',' Tamil Nadu '),(1141,' Pudupattinam ',' Tamil Nadu '),(1142,' Pukhrayan ',' Uttar Pradesh '),(1143,' Pulgaon ',' Maharashtra '),(1144,' Puliyankudi ',' Tamil Nadu '),(1145,' Punalur ',' Kerala '),(1146,' Punch ',' Jammu and Kashmir '),(1147,' Pune ',' Maharashtra '),(1148,' Punjaipugalur ',' Tamil Nadu '),(1149,' Punganur ',' Andhra Pradesh '),(1150,' Puranpur ',' Uttar Pradesh '),(1151,' Purna ',' Maharashtra '),(1152,' Puri ',' Odisha '),(1153,' Purnia ',' Bihar '),(1154,' Purquazi ',' Uttar Pradesh '),(1155,' Purulia ',' West Bengal '),(1156,' Purwa ',' Uttar Pradesh '),(1157,' Pusad ',' Maharashtra '),(1158,' Puthooru ',' Karnataka '),(1159,' Puthuppally ',' Kerala '),(1160,' Puttur ',' Andhra Pradesh '),(1161,' Qadian ',' Punjab '),(1162,' Quilandy ',' Kerala '),(1163,' Rabakavi Banahatti ',' Karnataka '),(1164,' Radhanpur ',' Gujarat '),(1165,' Rae Bareli ',' Uttar Pradesh '),(1166,' Rafiganj ',' Bihar '),(1167,' Raghogarh-Vijaypur ',' Madhya Pradesh '),(1168,' Raghunathpur ',' West Bengal '),(1169,' Raghunathganj ',' West Bengal '),(1170,' Rahatgarh ',' Madhya Pradesh '),(1171,' Raichuri ',' Maharashtra '),(1172,' Raayachuru ',' Karnataka '),(1173,' Raiganj ',' West Bengal '),(1174,' Raigarh ',' Chhattisgarh '),(1175,' Ranipet ',' Tamil Nadu '),(1176,' Raikot ',' Punjab '),(1177,' None ',' Chhattisgarh '),(1178,' Rairangpur ',' Odisha '),(1179,' Raisen ',' Madhya Pradesh '),(1180,' Raisinghnagar ',' Rajasthan '),(1181,' Rajagangapur ',' Odisha '),(1182,' Rajahmundry ',' Andhra Pradesh '),(1183,' Rajakhera ',' Rajasthan '),(1184,' Rajaldesar ',' Rajasthan '),(1185,' Rajam ',' Andhra Pradesh '),(1186,' Rajampet ',' Andhra Pradesh '),(1187,' Rajapalayam ',' Tamil Nadu '),(1188,' Rajauri ',' Jammu and Kashmir '),(1189,' Rajgarh (Alwar) ',' Rajasthan '),(1190,' Rajgarh (Churu) ',' Rajasthan '),(1191,' Rajgarh ',' Madhya Pradesh '),(1192,' Rajgir ',' Bihar '),(1193,' Rajkot ',' Gujarat '),(1194,' Rajnandgaon ',' Chhattisgarh '),(1195,' Rajpipla ',' Gujarat '),(1196,' Rajpura ',' Punjab '),(1197,' Rajsamand ',' Rajasthan '),(1198,' Rajula ',' Gujarat '),(1199,' Rajura ',' Maharashtra '),(1200,' Ramachandrapuram ',' Andhra Pradesh '),(1201,' Ramagundam ',' Andhra Pradesh '),(1202,' Raamanagara ',' Karnataka '),(1203,' Ramanathapuram ',' Tamil Nadu '),(1204,' Raamadurga ',' Karnataka '),(1205,' Rameshwaram ',' Tamil Nadu '),(1206,' Ramganj Mandi ',' Rajasthan '),(1207,' Ramngarh ',' Jharkhand '),(1208,' Ramngarh ',' Rajasthan '),(1209,' Ramnagar ',' Bihar '),(1210,' Ramnagar ',' Uttarakhand '),(1211,' Rampur ',' Uttar Pradesh '),(1212,' Rampur Maniharan ',' Uttar Pradesh '),(1213,' Rampur Maniharan ',' Uttar Pradesh '),(1214,' Rampura Phul ',' Punjab '),(1215,' Rampurhat ',' West Bengal '),(1216,' Ramtek ',' Maharashtra '),(1217,' Ranaghat ',' West Bengal '),(1218,' Ranavav ',' Gujarat '),(1219,' None ',' Jharkhand '),(1220,' Rangia ',' Assam '),(1221,' Rania ',' Haryana '),(1222,' Ranibennur ',' Karnataka '),(1223,' Rapar ',' Gujarat '),(1224,' Rasipuram ',' Tamil Nadu '),(1225,' Rasra ',' Uttar Pradesh '),(1226,' Ratangarh ',' Rajasthan '),(1227,' Rath ',' Uttar Pradesh '),(1228,' Ratia ',' Haryana '),(1229,' Ratlam ',' Madhya Pradesh '),(1230,' Ratnagiri ',' Maharashtra '),(1231,' Rau ',' Madhya Pradesh '),(1232,' Raurkela ',' Odisha '),(1233,' Raver ',' Maharashtra '),(1234,' Rawatbhata ',' Rajasthan '),(1235,' Rawatsar ',' Rajasthan '),(1236,' Raxaul Bazar ',' Bihar '),(1237,' Rayachoti ',' Andhra Pradesh '),(1238,' Rayadurg ',' Andhra Pradesh '),(1239,' Rayagada ',' Odisha '),(1240,' Reengus ',' Rajasthan '),(1241,' Rehli ',' Madhya Pradesh '),(1242,' Renigunta ',' Andhra Pradesh '),(1243,' Renukoot ',' Uttar Pradesh '),(1244,' Reoti ',' Uttar Pradesh '),(1245,' Repalle ',' Andhra Pradesh '),(1246,' Revelganj ',' Bihar '),(1247,' Rewa ',' Madhya Pradesh '),(1248,' Rewari ',' Haryana '),(1249,' Rishikesh ',' Uttarakhand '),(1250,' Risod ',' Maharashtra '),(1251,' Robertsganj ',' Uttar Pradesh '),(1252,' Robertson Pet ',' Karnataka '),(1253,' Rohtak ',' Haryana '),(1254,' Ron ',' Karnataka '),(1255,' Roorkee ',' Uttarakhand '),(1256,' Rosera ',' Bihar '),(1257,' Rudauli ',' Uttar Pradesh '),(1258,' Rudrapur ',' Uttarakhand '),(1259,' Rudrapur ',' Uttar Pradesh '),(1260,' Rupnagar ',' Punjab '),(1261,' Sabalgarh ',' Madhya Pradesh '),(1262,' Sadabad ',' Uttar Pradesh '),(1263,' Sadalaga ',' Karnataka '),(1264,' Sadasivpet ',' Andhra Pradesh '),(1265,' Sadri ',' Rajasthan '),(1266,' Sadulshahar ',' Rajasthan '),(1267,' Sadulpur ',' Rajasthan '),(1268,' Safidon ',' Haryana '),(1269,' Safipur ',' Uttar Pradesh '),(1270,' Sagar ',' Madhya Pradesh '),(1271,' Sagara ',' Karnataka '),(1272,' Sagwara ',' Rajasthan '),(1273,' Saharanpur ',' Uttar Pradesh '),(1274,' Saharsa ',' Bihar '),(1275,' Sahaspur ',' Uttar Pradesh '),(1276,' Sahaswan ',' Uttar Pradesh '),(1277,' Sahawar ',' Uttar Pradesh '),(1278,' Sahibganj ',' Jharkhand '),(1279,' Sahjanwa ',' Uttar Pradesh '),(1280,' Saidpur ',' Uttar Pradesh '),(1281,' Saiha ',' Mizoram '),(1282,' Sailu ',' Maharashtra '),(1283,' Sainthia ',' West Bengal '),(1284,' Sakaleshapura ',' Karnataka '),(1285,' Sakti ',' Chhattisgarh '),(1286,' Salaya ',' Gujarat '),(1287,' Salem ',' Tamil Nadu '),(1288,' Salur ',' Andhra Pradesh '),(1289,' Samalkha ',' Haryana '),(1290,' Samalkot ',' Andhra Pradesh '),(1291,' Samana ',' Punjab '),(1292,' Samastipur ',' Bihar '),(1293,' Sambalpur ',' Odisha '),(1294,' Sambhal ',' Uttar Pradesh '),(1295,' Sambhar ',' Rajasthan '),(1296,' Samdhan ',' Uttar Pradesh '),(1297,' Samthar ',' Uttar Pradesh '),(1298,' Sanand ',' Gujarat '),(1299,' Sanawad ',' Madhya Pradesh '),(1300,' Sanchore ',' Rajasthan '),(1301,' Sindagi ',' Karnataka '),(1302,' Sandi ',' Uttar Pradesh '),(1303,' Sandila ',' Uttar Pradesh '),(1304,' Sandur ',' Karnataka '),(1305,' Sangamner ',' Maharashtra '),(1306,' Sangareddy ',' Andhra Pradesh '),(1307,' Sangaria ',' Rajasthan '),(1308,' Sangli ',' Maharashtra '),(1309,' Sangole ',' Maharashtra '),(1310,' Sangrur ',' Punjab '),(1311,' Sankarankoil ',' Tamil Nadu '),(1312,' Sankari ',' Tamil Nadu '),(1313,' Sankeshwara ',' Karnataka '),(1314,' Santipur ',' West Bengal '),(1315,' Sarangpur ',' Madhya Pradesh '),(1316,' Sardarshahar ',' Rajasthan '),(1317,' Sardhana ',' Uttar Pradesh '),(1318,' Sarni ',' Madhya Pradesh '),(1319,' Sasaram ',' Bihar '),(1320,' Sasvad ',' Maharashtra '),(1321,' Satana ',' Maharashtra '),(1322,' Satara ',' Maharashtra '),(1323,' Satna ',' Madhya Pradesh '),(1324,' Sathyamangalam ',' Tamil Nadu '),(1325,' Sattenapalle ',' Andhra Pradesh '),(1326,' Sattur ',' Tamil Nadu '),(1327,' Saunda ',' Jharkhand '),(1328,' Soudaththi-Yellamma ',' Karnataka '),(1329,' Sausar ',' Madhya Pradesh '),(1330,' Savarkundla ',' Gujarat '),(1331,' Savanur ',' Karnataka '),(1332,' Savner ',' Maharashtra '),(1333,' Sawai Madhopur ',' Rajasthan '),(1334,' Sawantwadi ',' Maharashtra '),(1335,' Sedam ',' Karnataka '),(1336,' Sehore ',' Madhya Pradesh '),(1337,' Sendhwa ',' Madhya Pradesh '),(1338,' Seohara ',' Uttar Pradesh '),(1339,' Seoni ',' Madhya Pradesh '),(1340,' Seoni-Malwa ',' Madhya Pradesh '),(1341,' Shahabad ',' Karnataka '),(1342,' Shahabad, Hardoi ',' Uttar Pradesh '),(1343,' Shahabad, Rampur ',' Uttar Pradesh '),(1344,' Shahade ',' Maharashtra '),(1345,' Shahbad ',' Haryana '),(1346,' Shahdol ',' Madhya Pradesh '),(1347,' Shahganj ',' Uttar Pradesh '),(1348,' Shahjahanpur ',' Uttar Pradesh '),(1349,' Shahapura ',' Karnataka '),(1350,' Shahpura ',' Rajasthan '),(1351,' Shahpura ',' Rajasthan '),(1352,' Shajapur ',' Madhya Pradesh '),(1353,' Shamgarh ',' Madhya Pradesh '),(1354,' Shamli ',' Uttar Pradesh '),(1355,' Shamsabad, Agra ',' Uttar Pradesh '),(1356,' Shamsabad, Farrukhabad ',' Uttar Pradesh '),(1357,' Shegaon ',' Maharashtra '),(1358,' Sheikhpura ',' Bihar '),(1359,' Shendurjana ',' Maharashtra '),(1360,' Shenkottai ',' Tamil Nadu '),(1361,' Sheoganj ',' Rajasthan '),(1362,' Sheohar ',' Bihar '),(1363,' Sheopur ',' Madhya Pradesh '),(1364,' Sherghati ',' Bihar '),(1365,' Sherkot ',' Uttar Pradesh '),(1366,' Shiggaavi ',' Karnataka '),(1367,' Shikapur ',' Karnataka '),(1368,' Shikarpur, Bulandshahr ',' Uttar Pradesh '),(1369,' Shikohabad ',' Uttar Pradesh '),(1370,' None ',' Meghalaya '),(1371,' None ',' Himachal Pradesh '),(1372,' Shivamogga ',' Karnataka '),(1373,' Shirdi ',' Maharashtra '),(1374,' Shirpur-Warwade ',' Maharashtra '),(1375,' Shirur ',' Maharashtra '),(1376,' Shishgarh ',' Uttar Pradesh '),(1377,' Shivpuri ',' Madhya Pradesh '),(1378,' Sholavandan ',' Tamil Nadu '),(1379,' Sholingur ',' Tamil Nadu '),(1380,' Shoranur ',' Kerala '),(1381,' Surapura ',' Karnataka '),(1382,' Shrigonda ',' Maharashtra '),(1383,' Shrirampur ',' Maharashtra '),(1384,' Shree Rangapattana ',' Karnataka '),(1385,' Shujalpur ',' Madhya Pradesh '),(1386,' Siana ',' Uttar Pradesh '),(1387,' Sibsagar ',' Assam '),(1388,' Siddipet ',' Andhra Pradesh '),(1389,' Sidhi ',' Madhya Pradesh '),(1390,' Sidhpur ',' Gujarat '),(1391,' Sidhalaghatta ',' Karnataka '),(1392,' Sihor ',' Gujarat '),(1393,' Sihora ',' Madhya Pradesh '),(1394,' Sikanderpur ',' Uttar Pradesh '),(1395,' Sikandra Rao ',' Uttar Pradesh '),(1396,' Sikandrabad ',' Uttar Pradesh '),(1397,' Sikar ',' Rajasthan '),(1398,' Silao ',' Bihar '),(1399,' Silapathar ',' Assam '),(1400,' Silchar ',' Assam '),(1401,' Siliguri ',' West Bengal '),(1402,' Sillod ',' Maharashtra '),(1403,' None ',' Dadra and Nagar Haveli '),(1404,' Simdega ',' Jharkhand '),(1405,' Sindhagi ',' Karnataka '),(1406,' Sindhanooru ',' Karnataka '),(1407,' Singapur ',' Andhra Pradesh '),(1408,' Singrauli ',' Madhya Pradesh '),(1409,' Sinnar ',' Maharashtra '),(1410,' Sira ',' Karnataka '),(1411,' Sircilla ',' Andhra Pradesh '),(1412,' Sirhind Fatehgarh Sahib ',' Punjab '),(1413,' Sirkali ',' Tamil Nadu '),(1414,' Sirohi ',' Rajasthan '),(1415,' Sironj ',' Madhya Pradesh '),(1416,' Sirsa ',' Haryana '),(1417,' Sirsaganj ',' Uttar Pradesh '),(1418,' Sirsi ',' Karnataka '),(1419,' Sirsi ',' Uttar Pradesh '),(1420,' Sheraguppa ',' Karnataka '),(1421,' Sitamarhi ',' Bihar '),(1422,' Sitapur ',' Uttar Pradesh '),(1423,' Sitarganj ',' Uttarakhand '),(1424,' Sivaganga ',' Tamil Nadu '),(1425,' Sivagiri ',' Tamil Nadu '),(1426,' Sivakasi ',' Tamil Nadu '),(1427,' Siwan ',' Bihar '),(1428,' Sohagpur ',' Madhya Pradesh '),(1429,' Sohna ',' Haryana '),(1430,' Sojat ',' Rajasthan '),(1431,' Solan ',' Himachal Pradesh '),(1432,' Solapur ',' Maharashtra '),(1433,' Sonamukhi ',' West Bengal '),(1434,' Sonepur ',' Bihar '),(1435,' Songadh ',' Gujarat '),(1436,' Sonipat ',' Haryana '),(1437,' Sopore ',' Jammu and Kashmir '),(1438,' Soro ',' Odisha '),(1439,' Soron ',' Uttar Pradesh '),(1440,' Soyagaon ',' Maharashtra '),(1441,' Sri Madhopur ',' Rajasthan '),(1442,' Srikakulam ',' Andhra Pradesh '),(1443,' Srikalahasti ',' Andhra Pradesh '),(1444,' None ',' Jammu and Kashmir '),(1445,' Shreenivaasapura ',' Karnataka '),(1446,' Srisailam Project (Right Flank Colony) Township ',' Andhra Pradesh '),(1447,' Srirampore ',' West Bengal '),(1448,' Srivilliputhur ',' Tamil Nadu '),(1449,' Suar ',' Uttar Pradesh '),(1450,' Sugauli ',' Bihar '),(1451,' Sujangarh ',' Rajasthan '),(1452,' Sujanpur ',' Punjab '),(1453,' Sultanganj ',' Bihar '),(1454,' Sultanpur ',' Uttar Pradesh '),(1455,' Sumerpur ',' Rajasthan '),(1456,' Sumerpur ',' Uttar Pradesh '),(1457,' Sunabeda ',' Odisha '),(1458,' Sunam ',' Punjab '),(1459,' Sundargarh ',' Odisha '),(1460,' Sundarnagar ',' Himachal Pradesh '),(1461,' Supaul ',' Bihar '),(1462,' Surandai ',' Tamil Nadu '),(1463,' Surat ',' Gujarat '),(1464,' Suratgarh ',' Rajasthan '),(1465,' Suri ',' West Bengal '),(1466,' Suriyampalayam ',' Tamil Nadu '),(1467,' Suryapet ',' Andhra Pradesh '),(1468,' Tadepalligudem ',' Andhra Pradesh '),(1469,' Tadpatri ',' Andhra Pradesh '),(1470,' Taki ',' West Bengal '),(1471,' Talaja ',' Gujarat '),(1472,' Talcher ',' Odisha '),(1473,' Talegaon Dabhade ',' Maharashtra '),(1474,' Thaalikote ',' Karnataka '),(1475,' Taliparamba ',' Kerala '),(1476,' Talode ',' Maharashtra '),(1477,' Talwara ',' Punjab '),(1478,' Tamluk ',' West Bengal '),(1479,' Tanda ',' Uttar Pradesh '),(1480,' Tanda ',' Uttar Pradesh '),(1481,' Tandur ',' Andhra Pradesh '),(1482,' Tanuku ',' Andhra Pradesh '),(1483,' Tarakeswar ',' West Bengal '),(1484,' Tarana ',' Madhya Pradesh '),(1485,' Taranagar ',' Rajasthan '),(1486,' Taraori ',' Haryana '),(1487,' Tarbha ',' Odisha '),(1488,' Tarikere ',' Karnataka '),(1489,' Tarn Taran ',' Punjab '),(1490,' Tasgaon ',' Maharashtra '),(1491,' Tehri ',' Uttarakhand '),(1492,' Tekkalakote ',' Karnataka '),(1493,' Tenali ',' Andhra Pradesh '),(1494,' Tenkasi ',' Tamil Nadu '),(1495,' Tenu Dam-cum-Kathhara ',' Jharkhand '),(1496,' Thergallu ',' Karnataka '),(1497,' Tetri Bazar ',' Uttar Pradesh '),(1498,' Tezpur ',' Assam '),(1499,' Thakurdwara ',' Uttar Pradesh '),(1500,' Thammampatti ',' Tamil Nadu '),(1501,' Thana Bhawan ',' Uttar Pradesh '),(1502,' Thane ',' Maharashtra '),(1503,' Thanesar ',' Haryana '),(1504,' Thangadh ',' Gujarat '),(1505,' Thanjavur ',' Tamil Nadu '),(1506,' Tharad ',' Gujarat '),(1507,' Tharamangalam ',' Tamil Nadu '),(1508,' Tharangambadi ',' Tamil Nadu '),(1509,' Theni Allinagaram ',' Tamil Nadu '),(1510,' Thirumangalam ',' Tamil Nadu '),(1511,' Thirunindravur ',' Tamil Nadu '),(1512,' Thiruparappu ',' Tamil Nadu '),(1513,' Thirupuvanam ',' Tamil Nadu '),(1514,' Thiruthuraipoondi ',' Tamil Nadu '),(1515,' Thiruvalla ',' Kerala '),(1516,' Thiruvallur ',' Tamil Nadu '),(1517,' Trivandrum ',' Kerala '),(1518,' Thiruvarur ',' Tamil Nadu '),(1519,' Thodupuzha ',' Kerala '),(1520,' Thoothukudi ',' Tamil Nadu '),(1521,' Thoubal ',' Manipur '),(1522,' Thrissur ',' Kerala '),(1523,' Thuraiyur ',' Tamil Nadu '),(1524,' Tikamgarh ',' Madhya Pradesh '),(1525,' Tikota ',' Karnataka '),(1526,' Tilda Newra ',' Chhattisgarh '),(1527,' Tilhar ',' Uttar Pradesh '),(1528,' Talikota ',' Karnataka '),(1529,' Tindivanam ',' Tamil Nadu '),(1530,' Tinsukia ',' Assam '),(1531,' Thipatooru ',' Karnataka '),(1532,' Tirora ',' Maharashtra '),(1533,' Tiruchendur ',' Tamil Nadu '),(1534,' Tiruchengode ',' Tamil Nadu '),(1535,' Tiruchirappalli ',' Tamil Nadu '),(1536,' Tirukalukundram ',' Tamil Nadu '),(1537,' Tirukkoyilur ',' Tamil Nadu '),(1538,' Tirunelveli ',' Tamil Nadu '),(1539,' Tirupathur ',' Tamil Nadu '),(1540,' Tirupathur ',' Tamil Nadu '),(1541,' Tirupati ',' Andhra Pradesh '),(1542,' Tiruppur ',' Tamil Nadu '),(1543,' Tirur ',' Kerala '),(1544,' Tiruttani ',' Tamil Nadu '),(1545,' Tiruvannamalai ',' Tamil Nadu '),(1546,' Tiruvethipuram ',' Tamil Nadu '),(1547,' Tiruvuru ',' Andhra Pradesh '),(1548,' Tirwaganj ',' Uttar Pradesh '),(1549,' Titlagarh ',' Odisha '),(1550,' Tittakudi ',' Tamil Nadu '),(1551,' Todabhim ',' Rajasthan '),(1552,' Todaraisingh ',' Rajasthan '),(1553,' Tohana ',' Haryana '),(1554,' Tonk ',' Rajasthan '),(1555,' Tuensang ',' Nagaland '),(1556,' Tuljapur ',' Maharashtra '),(1557,' Tulsipur ',' Uttar Pradesh '),(1558,' Thumakooru ',' Karnataka '),(1559,' Tumsar ',' Maharashtra '),(1560,' Tundla ',' Uttar Pradesh '),(1561,' Tuni ',' Andhra Pradesh '),(1562,' Tura ',' Meghalaya '),(1563,' Uchgaon ',' Maharashtra '),(1564,' Udaipur ',' Rajasthan '),(1565,' Udaipur ',' Tripura '),(1566,' Udaipurwati ',' Rajasthan '),(1567,' Udgir ',' Maharashtra '),(1568,' Udhagamandalam ',' Tamil Nadu '),(1569,' Udhampur ',' Jammu and Kashmir '),(1570,' Udumalaipettai ',' Tamil Nadu '),(1571,' Udupi ',' Karnataka '),(1572,' Ugar ',' Karnataka '),(1573,' Ujhani ',' Madhya Pradesh '),(1574,' Ujjain ',' Madhya Pradesh '),(1575,' Umarga ',' Maharashtra '),(1576,' Umaria ',' Madhya Pradesh '),(1577,' Umarkhed ',' Maharashtra '),(1578,' Umarkote ',' Odisha '),(1579,' Umbergaon ',' Gujarat '),(1580,' Umred ',' Maharashtra '),(1581,' Umreth ',' Gujarat '),(1582,' Una ',' Gujarat '),(1583,' Unjha ',' Gujarat '),(1584,' Unnamalaikadai ',' Tamil Nadu '),(1585,' Unnao ',' Uttar Pradesh '),(1586,' Upleta ',' Gujarat '),(1587,' Uran ',' Maharashtra '),(1588,' Uran Islampur ',' Maharashtra '),(1589,' Uravakonda ',' Andhra Pradesh '),(1590,' Urmar Tanda ',' Punjab '),(1591,' Usilampatti ',' Tamil Nadu '),(1592,' Uthamapalayam ',' Tamil Nadu '),(1593,' Uthiramerur ',' Tamil Nadu '),(1594,' Utraula ',' Uttar Pradesh '),(1595,' Vadakara ',' Kerala '),(1596,' Vadakkuvalliyur ',' Tamil Nadu '),(1597,' Vadalur ',' Tamil Nadu '),(1598,' Vadgaon Kasba ',' Maharashtra '),(1599,' Vadipatti ',' Tamil Nadu '),(1600,' Vadnagar ',' Gujarat '),(1601,' Vadodara ',' Gujarat '),(1602,' Vaijapur ',' Maharashtra '),(1603,' Vaikom ',' Kerala '),(1604,' Valparai ',' Tamil Nadu '),(1605,' Valsad ',' Gujarat '),(1606,' Vandavasi ',' Tamil Nadu '),(1607,' Vaniyambadi ',' Tamil Nadu '),(1608,' Vapi ',' Gujarat '),(1609,' Vapi ',' Gujarat '),(1610,' Varanasi ',' Uttar Pradesh '),(1611,' Varkala ',' Kerala '),(1612,' Vasai ',' Maharashtra '),(1613,' Vedaranyam ',' Tamil Nadu '),(1614,' Vellakoil ',' Tamil Nadu '),(1615,' Vellore ',' Tamil Nadu '),(1616,' Venkatagiri ',' Andhra Pradesh '),(1617,' Veraval ',' Gujarat '),(1618,' Vicarabad ',' Andhra Pradesh '),(1619,' Vidisha ',' Madhya Pradesh '),(1620,' Vijainagar ',' Rajasthan '),(1621,' Vijapur ',' Gujarat '),(1622,' Vijaypur ',' Uttarakhand '),(1623,' Vijayapura ',' Karnataka '),(1624,' Vijayawada ',' Andhra Pradesh '),(1625,' Vikramasingapuram ',' Tamil Nadu '),(1626,' Viluppuram ',' Tamil Nadu '),(1627,' Vinukonda ',' Andhra Pradesh '),(1628,' Viramgam ',' Gujarat '),(1629,' Virar ',' Maharashtra '),(1630,' Virudhachalam ',' Tamil Nadu '),(1631,' Virudhunagar ',' Tamil Nadu '),(1632,' Visakhapatnam ',' Andhra Pradesh '),(1633,' Visnagar ',' Gujarat '),(1634,' Viswanatham ',' Tamil Nadu '),(1635,' Vita ',' Maharashtra '),(1636,' Vizianagaram ',' Andhra Pradesh '),(1637,' Vrindavan ',' Uttar Pradesh '),(1638,' Vyara ',' Gujarat '),(1639,' Wadgaon Road ',' Maharashtra '),(1640,' Wadhwan ',' Gujarat '),(1641,' Wadi ',' Karnataka '),(1642,' Wai ',' Maharashtra '),(1643,' Wanaparthy ',' Andhra Pradesh '),(1644,' Wani ',' Maharashtra '),(1645,' Wankaner ',' Gujarat '),(1646,' Wara Seoni ',' Madhya Pradesh '),(1647,' Warangal ',' Andhra Pradesh '),(1648,' Wardha ',' Maharashtra '),(1649,' Warhapur ',' Uttar Pradesh '),(1650,' Warisaliganj ',' Bihar '),(1651,' Warora ',' Maharashtra '),(1652,' Warud ',' Maharashtra '),(1653,' Washim ',' Maharashtra '),(1654,' Wokha ',' Nagaland '),(1655,' Yaadhagiri ',' Karnataka '),(1656,' Yamunanagar ',' Haryana '),(1657,' Yanam ',' Puducherry '),(1658,' Yavatmal ',' Maharashtra '),(1659,' Yawal ',' Maharashtra '),(1660,' Yellandu ',' Andhra Pradesh '),(1661,' Yemmiganur ',' Andhra Pradesh '),(1662,' Yerraguntla ',' Andhra Pradesh '),(1663,' Yevla ',' Maharashtra '),(1664,' Zaid ',' Uttar Pradesh '),(1665,' Zamania ',' Uttar Pradesh '),(1666,' Zira ',' Punjab '),(1667,' Zirakpur ',' Punjab '),(1668,' Zunheboto ',' Nagaland ');
/*!40000 ALTER TABLE `sample` ENABLE KEYS */;
UNLOCK TABLES;

--
-- Table structure for table `sample2`
--

DROP TABLE IF EXISTS `sample2`;
/*!40101 SET @saved_cs_client     = @@character_set_client */;
/*!40101 SET character_set_client = utf8 */;
CREATE TABLE `sample2` (
  `id` int(5) DEFAULT NULL,
  `place` varchar(100) DEFAULT NULL,
  `state` varchar(100) DEFAULT NULL
) ENGINE=InnoDB DEFAULT CHARSET=latin1;
/*!40101 SET character_set_client = @saved_cs_client */;

--
-- Dumping data for table `sample2`
--

LOCK TABLES `sample2` WRITE;
/*!40000 ALTER TABLE `sample2` DISABLE KEYS */;
INSERT INTO `sample2` VALUES (1,'None','Assam'),(2,'Achabal','Jammu and Kashmir'),(3,'Achalpur','Maharashtra'),(4,'Achhnera','Uttar Pradesh'),(5,'Adari','Uttar Pradesh'),(6,'Adalaj','Gujarat'),(7,'Adilabad','Andhra Pradesh'),(8,'Adityana','Gujarat'),(9,'Pereyaapatna','Karnataka'),(10,'Adoni','Andhra Pradesh'),(11,'Adoor','Kerala'),(12,'Adiyara','Karnataka'),(13,'Adra','West Bengal'),(14,'Afzalpura','Karnataka'),(15,'Agartala','Tripura'),(16,'Agra','Uttar Pradesh'),(17,'Ahiwara','Chhattisgarh'),(18,'Ahmedabad','Gujarat'),(19,'Ahmedgarh','Punjab'),(20,'Ahmednagar','Maharashtra'),(21,'Ahmedpur','Maharashtra'),(22,'Aizawl','Mizoram'),(23,'Ajmer','Rajasthan'),(24,'Ajra','Maharashtra'),(25,'Akaltara','Chhattisgarh'),(26,'Akbarpur','Uttar Pradesh'),(27,'Akathiyoor','Kerala'),(28,'Akhnoor','Jammu and Kashmir'),(29,'Akkalkot','Maharashtra'),(30,'Akola','Maharashtra'),(31,'Akot','Maharashtra'),(32,'Alandha','Karnataka'),(33,'Alandi','Maharashtra'),(34,'Alang','Gujarat'),(35,'Alappuzha','Kerala'),(36,'Aldona','Goa'),(37,'Alibag','Maharashtra'),(38,'Aligarh','Uttar Pradesh'),(39,'Alipurduar','West Bengal'),(40,'Allahabad','Uttar Pradesh'),(41,'Almora','Uttarakhand'),(42,'Aalanavara','Karnataka'),(43,'Along','Arunachal Pradesh'),(44,'Alur','Karnataka'),(45,'Alwar','Rajasthan'),(46,'Amadalavalasa','Andhra Pradesh'),(47,'Amalapuram','Andhra Pradesh'),(48,'Amalner','Maharashtra'),(49,'Amarpur','Bihar'),(50,'Ambad','Maharashtra'),(51,'Ambagarh Chowki','Chhattisgarh'),(52,'Ambaji','Gujarat'),(53,'Ambaliyasan','Gujarat'),(54,'Ambejogai','Maharashtra'),(55,'Ambikaanagara','Karnataka'),(56,'Ambikapur','Chhattisgarh'),(57,'Ambivali Tarf Wankhal','Maharashtra'),(58,'Ameenapuram','Andhra Pradesh'),(59,'Amguri','Assam'),(60,'Amini','Lakshadweep'),(61,'Amlabad','Jharkhand'),(62,'Amli','Dadra and Nagar Haveli'),(63,'Amravati','Maharashtra'),(64,'Amreli','Gujarat'),(65,'Amritsar','Punjab'),(66,'Amroha','Uttar Pradesh'),(67,'Anakapalle','Andhra Pradesh'),(68,'Anand','Gujarat'),(69,'Anandapur','Odisha'),(70,'Anandnagaar','Assam'),(71,'Anantapur','Andhra Pradesh'),(72,'Anantnag','Jammu and Kashmir'),(73,'Ancharakandy','Kerala'),(74,'Andada','Gujarat'),(75,'Anekal','Karnataka'),(76,'Ankola','Karnataka'),(77,'Anjar','Gujarat'),(78,'Anjangaon','Maharashtra'),(79,'Anklav','Gujarat'),(80,'Ankleshwar','Gujarat'),(81,'Annigeri','Karnataka'),(82,'Antaliya','Gujarat'),(83,'Anugul','Odisha'),(84,'Ara','Jharkhand'),(85,'Arambhada','Gujarat'),(86,'Arakkonam','Tamil Nadu'),(87,'Araria','Bihar'),(88,'Arang','Chhattisgarh'),(89,'Arambagh','West Bengal'),(90,'Arsikere','Karnataka'),(91,'Arcot','Tamil Nadu'),(92,'Areraj','Bihar'),(93,'Ariyalur','TamilNadu'),(94,'Arkalgud','Karnataka'),(95,'Arki','Himachal Pradesh'),(96,'Arnia','Jammu and Kashmir'),(97,'Aroor','Kerala'),(98,'Arrah','Bihar'),(99,'Aruppukkottai','Tamil Nadu'),(100,'Arvi','Maharashtra'),(101,'Arwal','Bihar'),(102,'Asankhurd','Haryana'),(103,'Asansol','West Bengal'),(104,'Asarganj','Bihar'),(105,'Ashok Nagar','Madhya Pradesh'),(106,'Ashta','Maharashtra'),(107,'Ashtamichira','Kerala'),(108,'Asika','Odisha'),(109,'Asola','Delhi'),(110,'Assandh','Haryana'),(111,'Ateli','Haryana'),(112,'Athni','Karnataka'),(113,'Attingal','Kerala'),(114,'Atul','Gujarat'),(115,'Aurad','Karnataka'),(116,'Aurangabad','Bihar'),(117,'Aurangabad','Maharashtra'),(118,'Ausa','Maharashtra'),(119,'Avinissery','Kerala'),(120,'Awantipora','Jammu and Kashmir'),(121,'Azamgarh','Uttar Pradesh'),(122,'Azmatgarh','Uttar Pradesh'),(123,'Babaleshwar','Karnataka'),(124,'Babiyal','Haryana'),(125,'Baddi','Himachal Pradesh'),(126,'Bade Bacheli','Chhattisgarh'),(127,'Badaun','Uttar Pradesh'),(128,'Badagaon','Madhya Pradesh'),(129,'Badepalle','Andhra Pradesh'),(130,'Badharghat','Tripura'),(131,'Bagaha','Bihar'),(132,'Bageshwar','Uttarakhand'),(133,'Bahadurgarh','Haryana'),(134,'Bahadurganj','Bihar'),(135,'Baharampur','West Bengal'),(136,'Bahraich','Uttar Pradesh'),(137,'Bairgania','Bihar'),(138,'Bakhtiarpur','Bihar'),(139,'Balaghat','Madhya Pradesh'),(140,'Balangir','Odisha'),(141,'Balasore','Odisha'),(142,'Baleshwar','Odisha'),(143,'Bawana','Delhi'),(144,'Bhiwadi','Rajasthan'),(145,'Bali','Rajasthan'),(146,'Bally','West Bengal'),(147,'Ballabhgarh','Haryana'),(148,'Ballia','Uttar Pradesh'),(149,'Balod','Chhattisgarh'),(150,'Baloda Bazar','Chhattisgarh'),(151,'Balrampur','Uttar Pradesh'),(152,'Balurghat','West Bengal'),(153,'Bamra','Odisha'),(154,'Bandar','Uttar Pradesh'),(155,'Bandikui','Rajasthan'),(156,'Bandipore','Jammu and Kashmir'),(157,'Bangalore','Karnataka'),(158,'Banganapalle','Andhra Pradesh'),(159,'Banka','Bihar'),(160,'Banmankhi Bazar','Bihar'),(161,'Banswara','Rajasthan'),(162,'Bankura','West Bengal'),(163,'Bapatla','Andhra Pradesh'),(164,'Barakar','West Bengal'),(165,'Barahiya','Bihar'),(166,'Baramati','Maharashtra'),(167,'Baramula','Jammu and Kashmir'),(168,'Baran','Rajasthan'),(169,'Barasat','West Bengal'),(170,'Bardhaman','West Bengal'),(171,'Barauli','Bihar'),(172,'Barbigha','Bihar'),(173,'Bareilly','Uttar Pradesh'),(174,'Barughutu','Jharkhand'),(175,'Basna','Chhattisgarh'),(176,'Barbil','Odisha'),(177,'Bargarh','Odisha'),(178,'Barh','Bihar'),(179,'Baripada','Odisha'),(180,'Barmer','Rajasthan'),(181,'Barnala','Punjab'),(182,'Barpeta','Assam'),(183,'Barpeta Road','Assam'),(184,'Barrackpur','West Bengal'),(185,'Barwani','Madhya Pradesh'),(186,'Barwala','Haryana'),(187,'Basavan Bagevadi','Karnataka'),(188,'Basudebpur','Odisha'),(189,'Batala','Punjab'),(190,'Bathinda','Punjab'),(191,'Bawal','Haryana'),(192,'Bazpur','Uttarakhand'),(193,'Beawar','Rajasthan'),(194,'Begusarai','Bihar'),(195,'Behea','Bihar'),(196,'Belgaum','Karnataka'),(197,'Bellampalle','Andhra Pradesh'),(198,'Ballary','Karnataka'),(199,'Belpahar','Odisha'),(200,'Bemetra','Chhattisgarh'),(201,'Berinag','Uttarakhand'),(202,'Bethamcherla','Andhra Pradesh'),(203,'Bettiah','Bihar'),(204,'Betul','Madhya Pradesh'),(205,'Bhabua','Bihar'),(206,'Bhadrachalam','Andhra Pradesh'),(207,'Bhadrak','Odisha'),(208,'Bhagalpur','Bihar'),(209,'Bhagha Purana','Punjab'),(210,'Bhainsa','Andhra Pradesh'),(211,'Bhajanpura','Delhi'),(212,'Bhandara','Maharashtra'),(213,'Bharatpur','Rajasthan'),(214,'Bharthana','Uttar Pradesh'),(215,'Bharuch','Gujarat'),(216,'Bhatapara','Chhattisgarh'),(217,'Bhavani','Tamil Nadu'),(218,'Bhavnagar','Gujarat'),(219,'Bhawanipatna','Odisha'),(220,'Bheemunipatnam','Andhra Pradesh'),(221,'Bhilai','Chhattisgarh'),(222,'Bhilwara','Rajasthan'),(223,'Bhimavaram','Andhra Pradesh'),(224,'Bhinmal','Rajasthan'),(225,'Bhiwandi','Maharashtra'),(226,'Bhiwani','Haryana'),(227,'Bhongir','Andhra Pradesh'),(228,'Bhopal','Madhya Pradesh'),(229,'Bhuban','Odisha'),(230,'None','Odisha'),(231,'Bhuj','Gujarat'),(232,'Bhusawal','Maharashtra'),(233,'Bidar','Karnataka'),(234,'Bidhan Nagar','West Bengal'),(235,'Bihar Sharif','Bihar'),(236,'Bijapur','Karnataka'),(237,'Bijnor','Uttar Pradesh'),(238,'Bikaner','Rajasthan'),(239,'Bikramganj','Bihar'),(240,'Bilara','Rajasthan'),(241,'Bilasipara','Assam'),(242,'Bilaspur','Chhattisgarh'),(243,'Bilaspur','Himachal Pradesh'),(244,'Biramitrapur','Odisha'),(245,'Birgaon','Chhattisgarh'),(246,'Bobbili','Andhra Pradesh'),(247,'Bodhan','Andhra Pradesh'),(248,'Bodh Gaya','Bihar'),(249,'Bokaro Steel City','Jharkhand'),(250,'Bongaigaon City','Assam'),(251,'Bomdila','Arunachal Pradesh'),(252,'Brahmapur','Odisha'),(253,'Brajrajnagar','Odisha'),(254,'Budaun','Uttar Pradesh'),(255,'Budhlada','Punjab'),(256,'Bulandshahr','Uttar Pradesh'),(257,'Burhanpur','Madhya Pradesh'),(258,'Burla','Odisha'),(259,'Buxar','Bihar'),(260,'Byasanagar','Odisha'),(261,'[[]]','Gujarat'),(262,'Chadchan','Karnataka'),(263,'Chaibasa','Jharkhand'),(264,'Chakeri','Uttar Pradesh'),(265,'Chakradharpur','Jharkhand'),(266,'Chalisgaon','Maharashtra'),(267,'Chamba','Himachal Pradesh'),(268,'Chamba','Uttarakhand'),(269,'Champa','Chhattisgarh'),(270,'Champawat','Uttarakhand'),(271,'Champhai','Mizoram'),(272,'Chamarajanagara','Karnataka'),(273,'None','Chandigarh'),(274,'Chandil','Jharkhand'),(275,'Chandausi','Uttar Pradesh'),(276,'Chandrapura','Jharkhand'),(277,'Chanpatia','Bihar'),(278,'Charkhi Dadri','Haryana'),(279,'Chapirevula','Andhra Pradesh'),(280,'Chatra','Jharkhand'),(281,'Charkhari','Uttar Pradesh'),(282,'Chalakudy','Kerala'),(283,'Chandrapur','Maharashtra'),(284,'Changanassery','Kerala'),(285,'Cheeka','Haryana'),(286,'Chendamangalam','Kerala'),(287,'Chengalpattu','Tamil Nadu'),(288,'Chengannur','Kerala'),(289,'None','Tamil Nadu'),(290,'Cherthala','Kerala'),(291,'Cheruthazham','Kerala'),(292,'Chhapra','Bihar'),(293,'Chhatarpur','Madhya Pradesh'),(294,'Chhindwara','Madhya Pradesh'),(295,'Chikkodi','Karnataka'),(296,'Chikkamagalur','Karnataka'),(297,'Chilakaluripet','Andhra Pradesh'),(298,'Chinchani','Maharashtra'),(299,'Chinna salem','Tamil nadu'),(300,'Chinthaamani','Karnataka'),(301,'Chiplun','Maharashtra'),(302,'Chirala','Andhra Pradesh'),(303,'Chirkunda','Jharkhand'),(304,'Chirmiri','Chhattisgarh'),(305,'Chinsura','West Bengal'),(306,'Chitradurga','Karnataka'),(307,'Chittur-Thathamangalam','Kerala'),(308,'Chitrakoot','Madhya Pradesh'),(309,'Chittoor','Andhra Pradesh'),(310,'Chockli','Kerala'),(311,'Churi','Jharkhand'),(312,'Churu','Rajasthan'),(313,'Coimbatore','Tamil Nadu'),(314,'Colgong','Bihar'),(315,'Contai','West Bengal'),(316,'Cooch Behar','West Bengal'),(317,'Coonoor','Tamil Nadu'),(318,'Cuddalore','Tamil Nadu'),(319,'Cuddapah','Andhra Pradesh'),(320,'Curchorem Cacora','Goa'),(321,'Cuttack','Odisha'),(322,'Chikkaballapura','Karnataka'),(323,'Chandan Bara','Bihar'),(324,'Chaukori','Uttarakhand'),(325,'Dabra','Madhya Pradesh'),(326,'Dadri','Uttar Pradesh'),(327,'Dahod','Gujarat'),(328,'Dalhousie','Himachal Pradesh'),(329,'Dalkhola','West Bengal'),(330,'Dalli-Rajhara','Chhattisgarh'),(331,'Dalsinghsarai','Bihar'),(332,'Daltonganj','Jharkhand'),(333,'Daman and Diu','Daman and Diu'),(334,'Damoh','Madhya Pradesh'),(335,'Darbhanga','Bihar'),(336,'Darjeeling','West Bengal'),(337,'Dasua','Punjab'),(338,'Datia','Madhya Pradesh'),(339,'Daudnagar','Bihar'),(340,'Daund','Maharashtra'),(341,'Davanagere','Karnataka'),(342,'Debagarh','Orissa'),(343,'Deesa','Gujarat'),(344,'Dehegam','Gujarat'),(345,'Dehradun','Uttarakhand'),(346,'Dehri-on-Sone','Bihar'),(347,'Delhi','Delhi'),(348,'Deoghar','Jharkhand'),(349,'Deoria','Uttar Pradesh'),(350,'Devarakonda','Andhra Pradesh'),(351,'Devar Hipparagi','Karnataka'),(352,'Devgarh','Maharashtra'),(353,'Devgarh','Rajasthan'),(354,'Dewas','Madhya Pradesh'),(355,'Dhampur','Uttar Pradesh'),(356,'Dhamtari','Chhattisgarh'),(357,'Dhanbad','Jharkhand'),(358,'Dhar','Madhya Pradesh'),(359,'Dharampur','Gujarat'),(360,'Dharamsala','Himachal Pradesh'),(361,'Dharmanagar','Tripura'),(362,'Dharmapuri','Tamil Nadu'),(363,'Dharmavaram','Andhra Pradesh'),(364,'Dharwad','Karnataka'),(365,'Dhekiajuli','Assam'),(366,'Dhenkanal','Orissa'),(367,'Dholka','Gujarat'),(368,'Dhubri','Assam'),(369,'Dhule','Maharashtra'),(370,'Dhulian','West Bengal'),(371,'Dhuri','Punjab'),(372,'Dibrugarh','Assam'),(373,'Digboi','Assam'),(374,'Dighwara','Bihar'),(375,'Dimapur','Nagaland'),(376,'Dinanagar','Punjab'),(377,'Dindigul','Tamil Nadu'),(378,'Diphu','Assam'),(379,'Dipka','Chhattisgarh'),(380,'None','Assam'),(381,'Dombivli','Maharashtra'),(382,'Dongargarh','Chhattisgarh'),(383,'Duliajan Oil Town','Assam'),(384,'Dumdum','West Bengal'),(385,'Dumka','Jharkhand'),(386,'Dumraon','Bihar'),(387,'Durg-Bhilai Nagar','Chhattisgarh'),(388,'Durgapur','Maharashtra'),(389,'Durgapur','West Bengal'),(390,'Dwarka','Gujarat'),(391,'Ellenabad','Haryana'),(392,'Eluru','Andhra Pradesh'),(393,'Erattupetta','Kerala'),(394,'Erode','Tamil Nadu'),(395,'Etah','Uttar Pradesh'),(396,'Etawah','Uttar Pradesh'),(397,'None','West Bengal'),(398,'Faizabad','Uttar Pradesh'),(399,'Falna','Rajasthan'),(400,'Faridabad','Haryana'),(401,'Faridkot','Punjab'),(402,'Farooqnagar','Andhra Pradesh'),(403,'Farrukhabad','Uttar Pradesh'),(404,'Fatehabad','Haryana'),(405,'Fatehabad','Madhya Pradesh'),(406,'Fatehabad','Uttar Pradesh'),(407,'Fatehgarh','Uttar Pradesh'),(408,'Fatehpur Chaurasi','Uttar Pradesh'),(409,'Fatehpur Sikri','Uttar Pradesh'),(410,'Fatehpur','Rajasthan'),(411,'Fatehpur','Uttar Pradesh'),(412,'Fatehpur','Uttar Pradesh'),(413,'Fatwah','Bihar'),(414,'Fazilka','Punjab'),(415,'Forbesganj','Bihar'),(416,'Firozabad','Uttar Pradesh'),(417,'Firozpur','Punjab'),(418,'Firozpur Cantt.','Punjab'),(419,'Gadarwara','Madhya Pradesh'),(420,'Gadhaga/Gadag','Karnataka'),(421,'Gadchiroli','Maharashtra'),(422,'Gadwal','Andhra Pradesh'),(423,'Ganaur','Haryana'),(424,'Gandhidham','Gujarat'),(425,'None','Gujarat'),(426,'None','Sikkim'),(427,'Ganjam','Odisha'),(428,'Garhwa','Jharkhand'),(429,'Gauripur','Assam'),(430,'Gauribidanur','Karnataka'),(431,'Gaya','Bihar'),(432,'Gharaunda','Haryana'),(433,'Ghatampur','Uttar Pradesh'),(434,'Ghatanji','Maharashtra'),(435,'Ghatshila','Jharkhand'),(436,'Ghaziabad','Uttar Pradesh'),(437,'Ghazipur','Uttar Pradesh'),(438,'Giddarbaha','Punjab'),(439,'Gingee','Tamil Nadu'),(440,'Giridih','Jharkhand'),(441,'Goa Velha','Goa'),(442,'Goalpara','Assam'),(443,'Gobichettipalayam','Tamil Nadu'),(444,'Gobindgarh','Punjab'),(445,'Gobranawapara','Chhattisgarh'),(446,'Godda','Jharkhand'),(447,'Godhra','Gujarat'),(448,'Gogri Jamalpur','Bihar'),(449,'Gohana','Haryana'),(450,'Gokak','Karnataka'),(451,'Golaghat','Assam'),(452,'Gomoh','Jharkhand'),(453,'Gondiya','Maharashtra'),(454,'Gooty','Andhra Pradesh'),(455,'Gopalganj','Bihar'),(456,'Gorakhpur','Uttar Pradesh'),(457,'Greater Noida','Uttar Pradesh'),(458,'Gudalur','Tamil Nadu'),(459,'Gudalur','Tamil Nadu'),(460,'Gudalur','Tamil Nadu'),(461,'Gudivada','Andhra Pradesh'),(462,'Gudur','Andhra Pradesh'),(463,'Gulbarga','Karnataka'),(464,'Gumia','Jharkhand'),(465,'Gumla','Jharkhand'),(466,'Guna','Madhya Pradesh'),(467,'Gundlupet','Karnataka'),(468,'Guntakal','Andhra Pradesh'),(469,'Guntur','Andhra Pradesh'),(470,'Gunupur','Odisha'),(471,'Gurdaspur','Punjab'),(472,'Gurgaon','Haryana'),(473,'Guruvayoor','Kerala'),(474,'Guwahati','Assam'),(475,'Gwalior','Madhya pradesh'),(476,'Haflong','Assam'),(477,'Hailakandi','Assam'),(478,'Hajipur','Bihar'),(479,'Haldia','West Bengal'),(480,'Haldwani','Uttarakhand'),(481,'Hamirpur','Himachal Pradesh'),(482,'Hamirpur','Uttar Pradesh'),(483,'Hansi','Haryana'),(484,'Hanuman Junction','Andhra Pradesh'),(485,'Hanumangarh','Rajasthan'),(486,'Hapur','Uttar Pradesh'),(487,'Harda','Madhya Pradesh'),(488,'Hardoi','Uttar Pradesh'),(489,'Haridwar','Uttarakhand'),(490,'Haripad','Kerala'),(491,'Harsawa','Rajasthan'),(492,'Harur','Tamil Nadu'),(493,'Haasana','Karnataka'),(494,'Hastinapur','Uttar Pradesh'),(495,'Hathras','Uttar Pradesh'),(496,'Hazaribag','Jharkhand'),(497,'Hilsa','Bihar'),(498,'Himatnagar','Gujarat'),(499,'Hindupur','Andhra Pradesh'),(500,'Hinjilicut','Odisha'),(501,'Hisar','Haryana'),(502,'Hisua','Bihar'),(503,'Hodal','Haryana'),(504,'Hojai','Assam'),(505,'Hoshiarpur','Punjab'),(506,'Hosapet','Karnataka'),(507,'Howrah','West Bengal'),(508,'Hubbali','Karnataka'),(509,'Hukkeri','Karnataka'),(510,'Hugli-Chuchura','West Bengal'),(511,'Hussainabad','Jharkhand'),(512,'None','Andhra Pradesh'),(513,'Ichalkaranji','Maharashtra'),(514,'Ichchapuram','Andhra Pradesh'),(515,'Idar','Gujarat'),(516,'None','Manipur'),(517,'Indirapuram','National Capital Region (India)'),(518,'Indi','Karnataka'),(519,'Indore','Madhya Pradesh'),(520,'Indranagar','Tripura'),(521,'Irinjalakuda','Kerala'),(522,'Islampur','Bihar'),(523,'Islampur','West Bengal'),(524,'None','Arunachal Pradesh'),(525,'Itarsi','Madhya Pradesh'),(526,'Idukki','Kerala'),(527,'Jabalpur','Madhya Pradesh'),(528,'Jagadhri','Haryana'),(529,'Jagatsinghapur','Odisha'),(530,'Jagdalpur','Chhattisgarh'),(531,'Jagdispur','Bihar'),(532,'Jaggaiahpet','Andhra Pradesh'),(533,'Jagraon','Punjab'),(534,'Jagtial','Andhra Pradesh'),(535,'None','Rajasthan'),(536,'Jais','Uttar Pradesh'),(537,'Jaisalmer','Rajasthan'),(538,'Jaitaran','Rajasthan'),(539,'Jaitu','Punjab'),(540,'Jajapur','Odisha'),(541,'Jajmau','Uttar Pradesh'),(542,'Jalalabad','Punjab'),(543,'Jalna','Maharashtra'),(544,'Jalandhar Cantt.','Punjab'),(545,'Jalandhar','Punjab'),(546,'Jaleswar','Odisha'),(547,'Jalgaon','Maharashtra'),(548,'Jalpaiguri','West Bengal'),(549,'Jalore','Rajasthan'),(550,'Jamalpur','Bihar'),(551,'Jammalamadugu','Andhra Pradesh'),(552,'Jammu','Jammu and Kashmir'),(553,'Jamnagar','Gujarat'),(554,'Jamshedpur','Jharkhand'),(555,'Jamtara','Jharkhand'),(556,'Jamui','Bihar'),(557,'Jandiala','Punjab'),(558,'Jangaon','Andhra Pradesh'),(559,'Janjgir','Chhattisgarh'),(560,'Jashpurnagar','Chhattisgarh'),(561,'Jaspur','Uttarakhand'),(562,'Jatani','Odisha'),(563,'Jaunpur','Uttar Pradesh'),(564,'Jayankondam','Tamil Nadu'),(565,'Jehanabad','Bihar'),(566,'Jeypur','Odisha'),(567,'Jhabua','Madhya Pradesh'),(568,'Jhajha','Bihar'),(569,'Jhajjar','Haryana'),(570,'Jhalawar','Rajasthan'),(571,'Jhanjharpur','Bihar'),(572,'Jhansi','Uttar Pradesh'),(573,'Jhargram','West Bengal'),(574,'Jharsuguda','Odisha'),(575,'Jhumri Tilaiya','Jharkhand'),(576,'Jhunjhunu','Rajasthan'),(577,'Jind','Haryana'),(578,'Joda','Odisha'),(579,'Jodhpur','Rajasthan'),(580,'Jogabani','Bihar'),(581,'Jogendranagar','Tripura'),(582,'Jorhat','Assam'),(583,'Jowai','Meghalaya'),(584,'Junagadh','Gujarat'),(585,'Junnar','Maharashtra'),(586,'Jhalda','West Bengal'),(587,'Kadapa','Andhra Pradesh'),(588,'Kadi','Gujarat'),(589,'Kadiri','Andhra Pradesh'),(590,'Kadirur','Kerala'),(591,'Kagaznagar','Andhra Pradesh'),(592,'Kailaras','Madhya Pradesh'),(593,'Kailasahar','Tripura'),(594,'Kaithal','Haryana'),(595,'Kakching','Manipur'),(596,'Kakinada','Andhra Pradesh'),(597,'Kalan Wali','Haryana'),(598,'Kalavad','Gujarat'),(599,'Kalburgi','Karnataka'),(600,'Kalimpong','West Bengal'),(601,'Kalka','Haryana'),(602,'Kalliasseri','Kerala'),(603,'Kalpi','Uttar Pradesh'),(604,'Kalol','Gujarat'),(605,'Kalpetta','Kerala'),(606,'Kalyan','Maharashtra'),(607,'Kalyandurg','Andhra Pradesh'),(608,'Kamareddy','Andhra Pradesh'),(609,'Kamthi','Maharashtra'),(610,'Kanchipuram','Tamil Nadu'),(611,'Kanda','Uttarakhand'),(612,'Kandukur','Andhra Pradesh'),(613,'Kanhangad','Kerala'),(614,'Kanjikkuzhi','Kerala'),(615,'Kanker','Chhattisgarh'),(616,'Kannur','Kerala'),(617,'Kanpur','Uttar Pradesh'),(618,'Kantabanji','Odisha'),(619,'Kanti','Bihar'),(620,'Kapadvanj','Gujarat'),(621,'Kapurthala','Punjab'),(622,'Karad','Maharashtra'),(623,'Karaikal','Puducherry'),(624,'Karaikudi','Tamil Nadu'),(625,'Karanjia','Odisha'),(626,'Karimganj','Assam'),(627,'Karimnagar','Andhra Pradesh'),(628,'Karjan','Gujarat'),(629,'karjat','maharashtra'),(630,'Kaarkala','Karnataka'),(631,'Karnal','Haryana'),(632,'Karoran','Punjab'),(633,'Kartarpur','Punjab'),(634,'Karur','Tamil Nadu'),(635,'Karungal','Tamil Nadu'),(636,'Karwar','Karnataka'),(637,'Kasaragod','Kerala'),(638,'Kashipur','Uttarakhand'),(639,'Kathua','Jammu and Kashmir'),(640,'Katihar','Bihar'),(641,'Katni','Madhya Pradesh'),(642,'Katra','Jammu & Kashmir'),(643,'Kavali','Andhra Pradesh'),(644,'None','Lakshadweep'),(645,'Kawardha','Chhattisgarh'),(646,'Kayamkulam','Kerala'),(647,'Kendrapara','Odisha'),(648,'Kendujhar','Odisha'),(649,'Keshod','Gujarat'),(650,'Keylong','Himachal Pradesh'),(651,'Khagaria','Bihar'),(652,'Khalilabad','Uttar Pradesh'),(653,'Khambhalia','Gujarat'),(654,'Khambhat','Gujarat'),(655,'Khammam','Andhra Pradesh'),(656,'Khanna','Punjab'),(657,'Kharagpur','Bihar'),(658,'Kharagpur','West Bengal'),(659,'Kharar','Punjab'),(660,'Kheda','Gujarat'),(661,'Khedbrahma','Gujarat'),(662,'Kheralu','Gujarat'),(663,'Kheri','Uttar Pradesh'),(664,'Khordha','Odisha'),(665,'Khowai','Tripura'),(666,'Khunti','Jharkhand'),(667,'Khurai','Madhya Pradesh'),(668,'kichha','Uttarakhand'),(669,'Kishanganj','Bihar'),(670,'Kochi','Kerala'),(671,'Kodad','Andhra Pradesh'),(672,'Kodinar','Gujarat'),(673,'Kodungallur','Kerala'),(674,'None','Nagaland'),(675,'Kokrajhar','Assam'),(676,'Kolar','Karnataka'),(677,'Kolhar','Karnataka'),(678,'Kolhapur','Maharashtra'),(679,'Kolkata','West Bengal'),(680,'Kollam','Kerala'),(681,'Kollankodu','Tamil Nadu'),(682,'Kondagaon','Chhattisgarh'),(683,'Konnagar','West Bengal'),(684,'Koothuparamba','Kerala'),(685,'Koraput','Odisha'),(686,'Korba','Chhattisgarh'),(687,'Koratla','Andhra Pradesh'),(688,'Kot Kapura','Punjab'),(689,'Kota','Karnataka'),(690,'Kota','Rajasthan'),(691,'Kota','Uttar Pradesh'),(692,'Kotdwara','Uttarakhand'),(693,'Kothagudem','Andhra Pradesh'),(694,'Kothamangalam','Kerala'),(695,'Kothapeta','Andhra Pradesh'),(696,'Kotma','Madhya Pradesh'),(697,'Kottayam','Kerala'),(698,'Kovvur','Andhra Pradesh'),(699,'Kozhikode','Kerala'),(700,'Kozhencherry','Kerala'),(701,'Krishnanagar','West Bengal'),(702,'Kuchinda','Odisha'),(703,'Kulpahar','Uttar Pradesh'),(704,'Kunnamkulam','Kerala'),(705,'Kurali','Punjab'),(706,'Kurnool','Andhra Pradesh'),(707,'Kurukshetra','Haryana'),(708,'Kyathampalle','Andhra Pradesh'),(709,'Kamahi Devi','Punjab'),(710,'Kalyani','West bengal'),(711,'Lachhmangarh','Rajasthan'),(712,'Ladnu','Rajasthan'),(713,'Ladwa','Haryana'),(714,'Lahar','Madhya Pradesh'),(715,'Laharpur','Uttar Pradesh'),(716,'Lakheri','Rajasthan'),(717,'Lakhimpur','Uttar Pradesh'),(718,'Lakhisarai','Bihar'),(719,'Lakshmishawara','Karnataka'),(720,'Lal Gopalganj Nindaura','Uttar Pradesh'),(721,'Lalganj','Bihar'),(722,'Lalgudi','Tamil Nadu'),(723,'Lalitpur','Uttar Pradesh'),(724,'Lalganj','Uttar Pradesh'),(725,'Lalsot','Rajasthan'),(726,'Lanka','Assam'),(727,'Lar','Uttar Pradesh'),(728,'Lathi','Gujarat'),(729,'Latur','Maharashtra'),(730,'Leh','Jammu and Kashmir'),(731,'Lilong','Manipur'),(732,'Limbdi','Gujarat'),(733,'Lingsuguru','Karnataka'),(734,'Loha','Maharashtra'),(735,'Lohardaga','Jharkhand'),(736,'Lonar','Maharashtra'),(737,'Lonavla','Maharashtra'),(738,'Longowal','Punjab'),(739,'Loni','Uttar Pradesh'),(740,'Losal','Rajasthan'),(741,'None','Uttar Pradesh'),(742,'Ludhiana','Punjab'),(743,'Lumding','Assam'),(744,'Lunawada','Gujarat'),(745,'Lundi','Madhya Pradesh'),(746,'Lunglei','Mizoram'),(747,'Macherla','Andhra Pradesh'),(748,'Machilipatnam','Andhra Pradesh'),(749,'Madanapalle','Andhra Pradesh'),(750,'Maddhuru','Karnataka'),(751,'Margao','Goa'),(752,'Madhepura','Bihar'),(753,'Madhubani','Bihar'),(754,'Madhugiri','Karnataka'),(755,'Madhupur','Jharkhand'),(756,'Madhyamgram','Odisha'),(757,'Madikeri','Karnataka'),(758,'Madurai','Tamil Nadu'),(759,'Maagadi','Karnataka'),(760,'Mahabaleswar','Maharashtra'),(761,'Mahad','Maharashtra'),(762,'Mahbubnagar','Andhra Pradesh'),(763,'Mahalingapura','Karnataka'),(764,'Maharajganj','Bihar'),(765,'Maharajpur','Madhya Pradesh'),(766,'Mahasamund','Chhattisgarh'),(767,'Mahe','Puducherry'),(768,'Mahendragarh','Chhattisgarh'),(769,'Mahendragarh','Haryana'),(770,'Mahesana','Gujarat'),(771,'Mahidpur','Madhya Pradesh'),(772,'Mahnar Bazar','Bihar'),(773,'Mahoba','Uttar Pradesh'),(774,'Mahuli','Maharashtra'),(775,'Mahuva','Gujarat'),(776,'Mahwa','Rajasthan'),(777,'Maihar','Madhya Pradesh'),(778,'Mainaguri','West Bengal'),(779,'Makhdumpur','Bihar'),(780,'Makrana','Rajasthan'),(781,'Mal','West Bengal'),(782,'Malajkhand','Madhya Pradesh'),(783,'Malappuram','Kerala'),(784,'Malavalli','Karnataka'),(785,'Malegaon','Maharashtra'),(786,'Malerkotla','Punjab'),(787,'Malkangiri','Odisha'),(788,'Malkapur','Maharashtra'),(789,'Malout','Punjab'),(790,'Malpura','Rajasthan'),(791,'Maaluru','Karnataka'),(792,'Manasa','Madhya Pradesh'),(793,'Manavadar','Gujarat'),(794,'Manawar','Madhya Pradesh'),(795,'Manchar','Maharashtra'),(796,'Mancherial','Andhra Pradesh'),(797,'Mandalgarh','Rajasthan'),(798,'Mandamarri','Andhra Pradesh'),(799,'Mandapeta','Andhra Pradesh'),(800,'Mandawa','Rajasthan'),(801,'Mandi','Himachal Pradesh'),(802,'Mandi Dabwali','Haryana'),(803,'Mandideep','Madhya Pradesh'),(804,'Mandla','Madhya Pradesh'),(805,'Mandsaur','Madhya Pradesh'),(806,'Mandvi','Gujarat'),(807,'Mandya','Karnataka'),(808,'Maner','Bihar'),(809,'Manesar','Haryana'),(810,'Mangalagiri','Andhra Pradesh'),(811,'Mangaldoi','Assam'),(812,'Mangalore','Karnataka'),(813,'Mangalvedhe','Maharashtra'),(814,'Manglaur','Uttarakhand'),(815,'Mangrol','Gujarat'),(816,'Mangrol','Rajasthan'),(817,'Mangrulpir','Maharashtra'),(818,'Manihari','Bihar'),(819,'Manjlegaon','Maharashtra'),(820,'Mankachar','Assam'),(821,'Manmad','Maharashtra'),(822,'Mansa','Punjab'),(823,'Mansa','Gujarat'),(824,'Manuguru','Andhra Pradesh'),(825,'Maanvi','Karnataka'),(826,'Manwath','Maharashtra'),(827,'Mapusa','Goa'),(828,'Margao','Goa'),(829,'Margherita','Assam'),(830,'Marhaura','Bihar'),(831,'Mariani','Assam'),(832,'Marigaon','Assam'),(833,'Markapur','Andhra Pradesh'),(834,'Marmagao','Goa'),(835,'Masaurhi','Bihar'),(836,'Mathabhanga','West Bengal'),(837,'Mathura','Uttar Pradesh'),(838,'Mattannur','Kerala'),(839,'Mauganj','Madhya Pradesh'),(840,'Maur','Punjab'),(841,'Mavelikkara','Kerala'),(842,'Mavoor','Kerala'),(843,'Mayang Imphal','Manipur'),(844,'Medak','Andhra Pradesh'),(845,'Medinipur','West Bengal'),(846,'Meerut','Uttar Pradesh'),(847,'Mehkar','Maharashtra'),(848,'Mehmedabad','Gujarat'),(849,'Memari','West Bengal'),(850,'Merta City','Rajasthan'),(851,'Mhaswad','Maharashtra'),(852,'Mhow Cantonment','Madhya Pradesh'),(853,'Mhowgaon','Madhya Pradesh'),(854,'Mihijam','Jharkhand'),(855,'Mira-Bhayandar','Maharashtra'),(856,'Miraj','Maharashtra'),(857,'Mirganj','Bihar'),(858,'Miryalaguda','Andhra Pradesh'),(859,'Mirzapur','Uttar Pradesh'),(860,'Mithapur','Gujarat'),(861,'Modasa','Gujarat'),(862,'Modinagar','Uttar Pradesh'),(863,'Moga','Punjab'),(864,'Mogalthur','Andhra Pradesh'),(865,'Mohali','Punjab'),(866,'Mohania','Bihar'),(867,'Mokama','Bihar'),(868,'Mokameh','Bihar'),(869,'Mokokchung','Nagaland'),(870,'Monoharpur','West Bengal'),(871,'Moradabad','Uttar Pradesh'),(872,'Morena','Madhya Pradesh'),(873,'Morinda','Punjab'),(874,'Morshi','Maharashtra'),(875,'Morvi','Gujarat'),(876,'Motihari','Bihar'),(877,'Motipur','Bihar'),(878,'Mount Abu','Rajasthan'),(879,'Mudalagi','Karnataka'),(880,'Mudabidri','Karnataka'),(881,'Muddebihala','Karnataka'),(882,'Mudhola','Karnataka'),(883,'Mukatsar','Punjab'),(884,'Mukerian','Punjab'),(885,'Mukhed','Maharashtra'),(886,'Muktsar','Punjab'),(887,'Mul','Maharashtra'),(888,'Mulabaagilu','Karnataka'),(889,'Multai','Madhya Pradesh'),(890,'Mumbai','Maharashtra'),(891,'Mundi','Madhya Pradesh'),(892,'Mundaragi','Karnataka'),(893,'Mungeli','Chhattisgarh'),(894,'Munger','Bihar'),(895,'Muradnagar','Uttar Pradesh'),(896,'Murliganj','Bihar'),(897,'Murshidabad','West Bengal'),(898,'Murtijapur','Maharashtra'),(899,'Murwara','Madhya Pradesh'),(900,'Musabani','Jharkhand'),(901,'Mussoorie','Uttarakhand'),(902,'Muvattupuzha','Kerala'),(903,'Muzaffarnagar','Uttar Pradesh'),(904,'Muzaffarpur','Bihar'),(905,'Mysore','Karnataka'),(906,'Meethari Marwar','Rajasthan'),(907,'Nabadwip','West Bengal'),(908,'Nabarangapur','Odisha'),(909,'Nabha','Punjab'),(910,'Nadbai','Rajasthan'),(911,'Nadiad','Gujarat'),(912,'Nidagundi','Karnataka'),(913,'Nagaon','Assam'),(914,'Nagapattinam','Tamil Nadu'),(915,'Nagar','Rajasthan'),(916,'Nagari','Andhra Pradesh'),(917,'Nagarkurnool','Andhra Pradesh'),(918,'Nagaur','Rajasthan'),(919,'Nagda','Madhya Pradesh'),(920,'Nagercoil','Tamil Nadu'),(921,'Nagina','Uttar Pradesh'),(922,'Nagla','Uttarakhand'),(923,'Nagpur','Maharashtra'),(924,'Nahan','Himachal Pradesh'),(925,'Naharlagun','Arunachal Pradesh'),(926,'Naihati','West Bengal'),(927,'Naila Janjgir','Chhattisgarh'),(928,'Nainital','Uttarakhand'),(929,'Nainpur','Madhya Pradesh'),(930,'Najafgarh','Delhi'),(931,'Najibabad','Uttar Pradesh'),(932,'Nakodar','Punjab'),(933,'Nakur','Uttar Pradesh'),(934,'Nalasopara','Maharashtra'),(935,'Nalanda','Bihar'),(936,'Nalbari','Assam'),(937,'Namagiripettai','Tamil Nadu'),(938,'Namakkal','Tamil Nadu'),(939,'Nanded-Waghala','Maharashtra'),(940,'Nandgaon','Maharashtra'),(941,'Nandivaram-Guduvancheri','Tamil Nadu'),(942,'Nandura','Maharashtra'),(943,'Nandurbar','Maharashtra'),(944,'Nandyal','Andhra Pradesh'),(945,'Nangal','Punjab'),(946,'Nanjanagoodu','Karnataka'),(947,'Nanjikottai','Tamil Nadu'),(948,'Nanpara','Uttar Pradesh'),(949,'Narasapur','Andhra Pradesh'),(950,'Narasaraopet','Andhra Pradesh'),(951,'Naraura','Uttar Pradesh'),(952,'Narayanpet','Andhra Pradesh'),(953,'Narela','Delhi'),(954,'Nargund','Rajasthan'),(955,'Narkatiaganj','Bihar'),(956,'Narkhed','Maharashtra'),(957,'Narnaul','Haryana'),(958,'Narsinghgarh','Madhya Pradesh'),(959,'Narsinghgarh','Madhya Pradesh'),(960,'Narsipatnam','Andhra Pradesh'),(961,'Narwana','Haryana'),(962,'Nashik','Maharashtra'),(963,'Nasirabad','Rajasthan'),(964,'Natham','Tamil Nadu'),(965,'Nathdwara','Rajasthan'),(966,'Naugachhia','Bihar'),(967,'Naugawan Sadat','Uttar Pradesh'),(968,'Nautanwa','Uttar Pradesh'),(969,'Navalgund','Rajasthan'),(970,'Navi Mumbai','Maharashtra'),(971,'Navsari','Gujarat'),(972,'Nawabganj','Uttar Pradesh'),(973,'Nawada','Bihar'),(974,'Nawagarh','Chhattisgarh'),(975,'Nawalgarh','Rajasthan'),(976,'Nawanshahr','Punjab'),(977,'Nawapur','Maharashtra'),(978,'Nedumangad','Kerala'),(979,'Neem-Ka-Thana','Rajasthan'),(980,'Neemuch','Madhya Pradesh'),(981,'Nehtaur','Uttar Pradesh'),(982,'Nelamangala','Rajasthan'),(983,'Nellikuppam','Tamil Nadu'),(984,'Nellore','Andhra Pradesh'),(985,'Nepanagar','Madhya Pradesh'),(986,'None','Delhi'),(987,'Neyveli','Tamil Nadu'),(988,'Neyyattinkara','Kerala'),(989,'Nidadavole','Andhra Pradesh'),(990,'Nilanga','Maharashtra'),(991,'Nilambur','Kerala'),(992,'Nimbahera','Rajasthan'),(993,'Nippani','Karnataka'),(994,'Nirmal','Andhra Pradesh'),(995,'Niwai','Rajasthan'),(996,'Niwari','Madhya Pradesh'),(997,'Nizamabad','Andhra Pradesh'),(998,'Nohar','Rajasthan'),(999,'Noida','Uttar Pradesh'),(1000,'Nokha','Bihar'),(1001,'Nokha','Rajasthan'),(1002,'Nongstoin','Meghalaya'),(1003,'Noorpur','Uttar Pradesh'),(1004,'North Lakhimpur','Assam'),(1005,'Nowgong','Madhya Pradesh'),(1006,'Nowrozabad','Madhya Pradesh'),(1007,'Nuzvid','Andhra Pradesh'),(1009,'Oddanchatram','Tamil Nadu'),(1010,'Obra','Uttar Pradesh'),(1011,'Ongole','Andhra Pradesh'),(1012,'Orai','Uttar Pradesh'),(1013,'Osmanabad','Maharashtra'),(1014,'Ottappalam','Kerala'),(1015,'Ozar','Maharashtra'),(1016,'P.N.Patti','Tamil Nadu'),(1017,'Pachora','Maharashtra'),(1018,'Pachore','Madhya Pradesh'),(1019,'Pacode','Tamil Nadu'),(1020,'Padmanabhapuram','Tamil Nadu'),(1021,'Padra','Gujarat'),(1022,'Padrauna','Uttar Pradesh'),(1023,'Paithan','Maharashtra'),(1024,'Pakaur','Jharkhand'),(1025,'Palacole','Andhra Pradesh'),(1026,'Palai','Kerala'),(1027,'Palakkad','Kerala'),(1028,'Palani','Tamil Nadu'),(1029,'Palanpur','Gujarat'),(1030,'Palasa Kasibugga','Andhra Pradesh'),(1031,'Palghar','Maharashtra'),(1032,'Pali','Rajasthan'),(1033,'Pali','Madhya Pradesh'),(1034,'Palia Kalan','Uttar Pradesh'),(1035,'Palitana','Gujarat'),(1036,'Pondur','Andhra pradesh'),(1037,'Palladam','Tamil Nadu'),(1038,'Pallapatti','Tamil Nadu'),(1039,'Pallikonda','Tamil Nadu'),(1040,'Palwal','Haryana'),(1041,'Palwancha','Andhra Pradesh'),(1042,'Panagar','Madhya Pradesh'),(1043,'Panagudi','Tamil Nadu'),(1044,'None','Goa'),(1045,'Panamattom','Kerala'),(1046,'Panchkula','Haryana'),(1047,'Panchla','West Bengal'),(1048,'Pandharkaoda','Maharashtra'),(1049,'Pandharpur','Maharashtra'),(1050,'Pandhurna','Madhya Pradesh'),(1051,'Pandua','West Bengal'),(1052,'Panipat','Haryana'),(1053,'Panna','Madhya Pradesh'),(1054,'Panniyannur','Kerala'),(1055,'Panruti','Tamil Nadu'),(1056,'Panvel','Maharashtra'),(1057,'Pappinisseri','Kerala'),(1058,'Paradip','Odisha'),(1059,'Paramakudi','Tamil Nadu'),(1060,'Parangipettai','Tamil Nadu'),(1061,'Parasi','Uttar Pradesh'),(1062,'Paravoor','Kerala'),(1063,'Parbhani','Maharashtra'),(1064,'Pardi','Gujarat'),(1065,'Parlakhemundi','Odisha'),(1066,'Parli','Maharashtra'),(1067,'Parola','Maharashtra'),(1068,'Partur','Maharashtra'),(1069,'Parvathipuram','Andhra Pradesh'),(1070,'Pasan','Madhya Pradesh'),(1071,'Paschim Punropara','West Bengal'),(1072,'Pasighat','Arunachal Pradesh'),(1073,'Patan','Gujarat'),(1074,'Pathanamthitta','Kerala'),(1075,'Pathankot','Punjab'),(1076,'Pathardi','Maharashtra'),(1077,'Pathri','Maharashtra'),(1078,'Patiala','Punjab'),(1079,'None','Bihar'),(1080,'Patran','Punjab'),(1081,'Patratu','Jharkhand'),(1082,'Pattamundai','Odisha'),(1083,'Patti','Punjab'),(1084,'Pattukkottai','Tamil Nadu'),(1085,'Patur','Maharashtra'),(1086,'Pauni','Maharashtra'),(1087,'Pauri','Uttarakhand'),(1088,'Paavagada','Karnataka'),(1089,'Pedana','Andhra Pradesh'),(1090,'Peddapuram','Andhra Pradesh'),(1091,'Pehowa','Haryana'),(1092,'Pen','Maharashtra'),(1093,'Penuganchiprolu','Andhra Pradesh'),(1094,'Perambalur','Tamil Nadu'),(1095,'Peravurani','Tamil Nadu'),(1096,'Peringathur','Kerala'),(1097,'Perinthalmanna','Kerala'),(1098,'Periyakulam','Tamil Nadu'),(1099,'Periyasemur','Tamil Nadu'),(1100,'Pernampattu','Tamil Nadu'),(1101,'Perumbavoor','Kerala'),(1102,'Petlad','Gujarat'),(1103,'Phagwara','Punjab'),(1104,'Phalodi','Rajasthan'),(1105,'Phaltan','Maharashtra'),(1106,'Phillaur','Punjab'),(1107,'Phulabani','Odisha'),(1108,'Phulera','Rajasthan'),(1109,'Phulpur','Uttar Pradesh'),(1110,'Phusro','Jharkhand'),(1111,'Pihani','Uttar Pradesh'),(1112,'Pilani','Rajasthan'),(1113,'Pilibanga','Rajasthan'),(1114,'Pilibhit','Uttar Pradesh'),(1115,'Pilkhuwa','Uttar Pradesh'),(1116,'Pindwara','Rajasthan'),(1117,'Pinjore','Haryana'),(1118,'Pipar City','Rajasthan'),(1119,'Pipariya','Madhya Pradesh'),(1120,'Piro','Bihar'),(1121,'Pithampur','Madhya Pradesh'),(1122,'Pithapuram','Andhra Pradesh'),(1123,'Pithoragarh','Uttarakhand'),(1124,'Pollachi','Tamil Nadu'),(1125,'Polur','Tamil Nadu'),(1126,'None','Puducherry'),(1127,'Ponkunnam','Kerala'),(1128,'Ponnani','Kerala'),(1129,'Ponneri','Tamil Nadu'),(1130,'Ponnur','Andhra Pradesh'),(1131,'Porbandar','Gujarat'),(1132,'Porsa','Madhya Pradesh'),(1133,'None','Andaman and Nicobar Islands'),(1134,'Powayan','Uttar Pradesh'),(1135,'Prantij','Rajasthan'),(1136,'Pratapgarh','Rajasthan'),(1137,'Pratapgarh','Tripura'),(1138,'Prithvipur','Madhya Pradesh'),(1139,'Proddatur','Andhra Pradesh'),(1140,'Pudukkottai','Tamil Nadu'),(1141,'Pudupattinam','Tamil Nadu'),(1142,'Pukhrayan','Uttar Pradesh'),(1143,'Pulgaon','Maharashtra'),(1144,'Puliyankudi','Tamil Nadu'),(1145,'Punalur','Kerala'),(1146,'Punch','Jammu and Kashmir'),(1147,'Pune','Maharashtra'),(1148,'Punjaipugalur','Tamil Nadu'),(1149,'Punganur','Andhra Pradesh'),(1150,'Puranpur','Uttar Pradesh'),(1151,'Purna','Maharashtra'),(1152,'Puri','Odisha'),(1153,'Purnia','Bihar'),(1154,'Purquazi','Uttar Pradesh'),(1155,'Purulia','West Bengal'),(1156,'Purwa','Uttar Pradesh'),(1157,'Pusad','Maharashtra'),(1158,'Puthooru','Karnataka'),(1159,'Puthuppally','Kerala'),(1160,'Puttur','Andhra Pradesh'),(1161,'Qadian','Punjab'),(1162,'Quilandy','Kerala'),(1163,'Rabakavi Banahatti','Karnataka'),(1164,'Radhanpur','Gujarat'),(1165,'Rae Bareli','Uttar Pradesh'),(1166,'Rafiganj','Bihar'),(1167,'Raghogarh-Vijaypur','Madhya Pradesh'),(1168,'Raghunathpur','West Bengal'),(1169,'Raghunathganj','West Bengal'),(1170,'Rahatgarh','Madhya Pradesh'),(1171,'Raichuri','Maharashtra'),(1172,'Raayachuru','Karnataka'),(1173,'Raiganj','West Bengal'),(1174,'Raigarh','Chhattisgarh'),(1175,'Ranipet','Tamil Nadu'),(1176,'Raikot','Punjab'),(1177,'None','Chhattisgarh'),(1178,'Rairangpur','Odisha'),(1179,'Raisen','Madhya Pradesh'),(1180,'Raisinghnagar','Rajasthan'),(1181,'Rajagangapur','Odisha'),(1182,'Rajahmundry','Andhra Pradesh'),(1183,'Rajakhera','Rajasthan'),(1184,'Rajaldesar','Rajasthan'),(1185,'Rajam','Andhra Pradesh'),(1186,'Rajampet','Andhra Pradesh'),(1187,'Rajapalayam','Tamil Nadu'),(1188,'Rajauri','Jammu and Kashmir'),(1189,'Rajgarh (Alwar)','Rajasthan'),(1190,'Rajgarh (Churu)','Rajasthan'),(1191,'Rajgarh','Madhya Pradesh'),(1192,'Rajgir','Bihar'),(1193,'Rajkot','Gujarat'),(1194,'Rajnandgaon','Chhattisgarh'),(1195,'Rajpipla','Gujarat'),(1196,'Rajpura','Punjab'),(1197,'Rajsamand','Rajasthan'),(1198,'Rajula','Gujarat'),(1199,'Rajura','Maharashtra'),(1200,'Ramachandrapuram','Andhra Pradesh'),(1201,'Ramagundam','Andhra Pradesh'),(1202,'Raamanagara','Karnataka'),(1203,'Ramanathapuram','Tamil Nadu'),(1204,'Raamadurga','Karnataka'),(1205,'Rameshwaram','Tamil Nadu'),(1206,'Ramganj Mandi','Rajasthan'),(1207,'Ramngarh','Jharkhand'),(1208,'Ramngarh','Rajasthan'),(1209,'Ramnagar','Bihar'),(1210,'Ramnagar','Uttarakhand'),(1211,'Rampur','Uttar Pradesh'),(1212,'Rampur Maniharan','Uttar Pradesh'),(1213,'Rampur Maniharan','Uttar Pradesh'),(1214,'Rampura Phul','Punjab'),(1215,'Rampurhat','West Bengal'),(1216,'Ramtek','Maharashtra'),(1217,'Ranaghat','West Bengal'),(1218,'Ranavav','Gujarat'),(1219,'None','Jharkhand'),(1220,'Rangia','Assam'),(1221,'Rania','Haryana'),(1222,'Ranibennur','Karnataka'),(1223,'Rapar','Gujarat'),(1224,'Rasipuram','Tamil Nadu'),(1225,'Rasra','Uttar Pradesh'),(1226,'Ratangarh','Rajasthan'),(1227,'Rath','Uttar Pradesh'),(1228,'Ratia','Haryana'),(1229,'Ratlam','Madhya Pradesh'),(1230,'Ratnagiri','Maharashtra'),(1231,'Rau','Madhya Pradesh'),(1232,'Raurkela','Odisha'),(1233,'Raver','Maharashtra'),(1234,'Rawatbhata','Rajasthan'),(1235,'Rawatsar','Rajasthan'),(1236,'Raxaul Bazar','Bihar'),(1237,'Rayachoti','Andhra Pradesh'),(1238,'Rayadurg','Andhra Pradesh'),(1239,'Rayagada','Odisha'),(1240,'Reengus','Rajasthan'),(1241,'Rehli','Madhya Pradesh'),(1242,'Renigunta','Andhra Pradesh'),(1243,'Renukoot','Uttar Pradesh'),(1244,'Reoti','Uttar Pradesh'),(1245,'Repalle','Andhra Pradesh'),(1246,'Revelganj','Bihar'),(1247,'Rewa','Madhya Pradesh'),(1248,'Rewari','Haryana'),(1249,'Rishikesh','Uttarakhand'),(1250,'Risod','Maharashtra'),(1251,'Robertsganj','Uttar Pradesh'),(1252,'Robertson Pet','Karnataka'),(1253,'Rohtak','Haryana'),(1254,'Ron','Karnataka'),(1255,'Roorkee','Uttarakhand'),(1256,'Rosera','Bihar'),(1257,'Rudauli','Uttar Pradesh'),(1258,'Rudrapur','Uttarakhand'),(1259,'Rudrapur','Uttar Pradesh'),(1260,'Rupnagar','Punjab'),(1261,'Sabalgarh','Madhya Pradesh'),(1262,'Sadabad','Uttar Pradesh'),(1263,'Sadalaga','Karnataka'),(1264,'Sadasivpet','Andhra Pradesh'),(1265,'Sadri','Rajasthan'),(1266,'Sadulshahar','Rajasthan'),(1267,'Sadulpur','Rajasthan'),(1268,'Safidon','Haryana'),(1269,'Safipur','Uttar Pradesh'),(1270,'Sagar','Madhya Pradesh'),(1271,'Sagara','Karnataka'),(1272,'Sagwara','Rajasthan'),(1273,'Saharanpur','Uttar Pradesh'),(1274,'Saharsa','Bihar'),(1275,'Sahaspur','Uttar Pradesh'),(1276,'Sahaswan','Uttar Pradesh'),(1277,'Sahawar','Uttar Pradesh'),(1278,'Sahibganj','Jharkhand'),(1279,'Sahjanwa','Uttar Pradesh'),(1280,'Saidpur','Uttar Pradesh'),(1281,'Saiha','Mizoram'),(1282,'Sailu','Maharashtra'),(1283,'Sainthia','West Bengal'),(1284,'Sakaleshapura','Karnataka'),(1285,'Sakti','Chhattisgarh'),(1286,'Salaya','Gujarat'),(1287,'Salem','Tamil Nadu'),(1288,'Salur','Andhra Pradesh'),(1289,'Samalkha','Haryana'),(1290,'Samalkot','Andhra Pradesh'),(1291,'Samana','Punjab'),(1292,'Samastipur','Bihar'),(1293,'Sambalpur','Odisha'),(1294,'Sambhal','Uttar Pradesh'),(1295,'Sambhar','Rajasthan'),(1296,'Samdhan','Uttar Pradesh'),(1297,'Samthar','Uttar Pradesh'),(1298,'Sanand','Gujarat'),(1299,'Sanawad','Madhya Pradesh'),(1300,'Sanchore','Rajasthan'),(1301,'Sindagi','Karnataka'),(1302,'Sandi','Uttar Pradesh'),(1303,'Sandila','Uttar Pradesh'),(1304,'Sandur','Karnataka'),(1305,'Sangamner','Maharashtra'),(1306,'Sangareddy','Andhra Pradesh'),(1307,'Sangaria','Rajasthan'),(1308,'Sangli','Maharashtra'),(1309,'Sangole','Maharashtra'),(1310,'Sangrur','Punjab'),(1311,'Sankarankoil','Tamil Nadu'),(1312,'Sankari','Tamil Nadu'),(1313,'Sankeshwara','Karnataka'),(1314,'Santipur','West Bengal'),(1315,'Sarangpur','Madhya Pradesh'),(1316,'Sardarshahar','Rajasthan'),(1317,'Sardhana','Uttar Pradesh'),(1318,'Sarni','Madhya Pradesh'),(1319,'Sasaram','Bihar'),(1320,'Sasvad','Maharashtra'),(1321,'Satana','Maharashtra'),(1322,'Satara','Maharashtra'),(1323,'Satna','Madhya Pradesh'),(1324,'Sathyamangalam','Tamil Nadu'),(1325,'Sattenapalle','Andhra Pradesh'),(1326,'Sattur','Tamil Nadu'),(1327,'Saunda','Jharkhand'),(1328,'Soudaththi-Yellamma','Karnataka'),(1329,'Sausar','Madhya Pradesh'),(1330,'Savarkundla','Gujarat'),(1331,'Savanur','Karnataka'),(1332,'Savner','Maharashtra'),(1333,'Sawai Madhopur','Rajasthan'),(1334,'Sawantwadi','Maharashtra'),(1335,'Sedam','Karnataka'),(1336,'Sehore','Madhya Pradesh'),(1337,'Sendhwa','Madhya Pradesh'),(1338,'Seohara','Uttar Pradesh'),(1339,'Seoni','Madhya Pradesh'),(1340,'Seoni-Malwa','Madhya Pradesh'),(1341,'Shahabad','Karnataka'),(1342,'Shahabad, Hardoi','Uttar Pradesh'),(1343,'Shahabad, Rampur','Uttar Pradesh'),(1344,'Shahade','Maharashtra'),(1345,'Shahbad','Haryana'),(1346,'Shahdol','Madhya Pradesh'),(1347,'Shahganj','Uttar Pradesh'),(1348,'Shahjahanpur','Uttar Pradesh'),(1349,'Shahapura','Karnataka'),(1350,'Shahpura','Rajasthan'),(1351,'Shahpura','Rajasthan'),(1352,'Shajapur','Madhya Pradesh'),(1353,'Shamgarh','Madhya Pradesh'),(1354,'Shamli','Uttar Pradesh'),(1355,'Shamsabad, Agra','Uttar Pradesh'),(1356,'Shamsabad, Farrukhabad','Uttar Pradesh'),(1357,'Shegaon','Maharashtra'),(1358,'Sheikhpura','Bihar'),(1359,'Shendurjana','Maharashtra'),(1360,'Shenkottai','Tamil Nadu'),(1361,'Sheoganj','Rajasthan'),(1362,'Sheohar','Bihar'),(1363,'Sheopur','Madhya Pradesh'),(1364,'Sherghati','Bihar'),(1365,'Sherkot','Uttar Pradesh'),(1366,'Shiggaavi','Karnataka'),(1367,'Shikapur','Karnataka'),(1368,'Shikarpur, Bulandshahr','Uttar Pradesh'),(1369,'Shikohabad','Uttar Pradesh'),(1370,'None','Meghalaya'),(1371,'None','Himachal Pradesh'),(1372,'Shivamogga','Karnataka'),(1373,'Shirdi','Maharashtra'),(1374,'Shirpur-Warwade','Maharashtra'),(1375,'Shirur','Maharashtra'),(1376,'Shishgarh','Uttar Pradesh'),(1377,'Shivpuri','Madhya Pradesh'),(1378,'Sholavandan','Tamil Nadu'),(1379,'Sholingur','Tamil Nadu'),(1380,'Shoranur','Kerala'),(1381,'Surapura','Karnataka'),(1382,'Shrigonda','Maharashtra'),(1383,'Shrirampur','Maharashtra'),(1384,'Shree Rangapattana','Karnataka'),(1385,'Shujalpur','Madhya Pradesh'),(1386,'Siana','Uttar Pradesh'),(1387,'Sibsagar','Assam'),(1388,'Siddipet','Andhra Pradesh'),(1389,'Sidhi','Madhya Pradesh'),(1390,'Sidhpur','Gujarat'),(1391,'Sidhalaghatta','Karnataka'),(1392,'Sihor','Gujarat'),(1393,'Sihora','Madhya Pradesh'),(1394,'Sikanderpur','Uttar Pradesh'),(1395,'Sikandra Rao','Uttar Pradesh'),(1396,'Sikandrabad','Uttar Pradesh'),(1397,'Sikar','Rajasthan'),(1398,'Silao','Bihar'),(1399,'Silapathar','Assam'),(1400,'Silchar','Assam'),(1401,'Siliguri','West Bengal'),(1402,'Sillod','Maharashtra'),(1403,'None','Dadra and Nagar Haveli'),(1404,'Simdega','Jharkhand'),(1405,'Sindhagi','Karnataka'),(1406,'Sindhanooru','Karnataka'),(1407,'Singapur','Andhra Pradesh'),(1408,'Singrauli','Madhya Pradesh'),(1409,'Sinnar','Maharashtra'),(1410,'Sira','Karnataka'),(1411,'Sircilla','Andhra Pradesh'),(1412,'Sirhind Fatehgarh Sahib','Punjab'),(1413,'Sirkali','Tamil Nadu'),(1414,'Sirohi','Rajasthan'),(1415,'Sironj','Madhya Pradesh'),(1416,'Sirsa','Haryana'),(1417,'Sirsaganj','Uttar Pradesh'),(1418,'Sirsi','Karnataka'),(1419,'Sirsi','Uttar Pradesh'),(1420,'Sheraguppa','Karnataka'),(1421,'Sitamarhi','Bihar'),(1422,'Sitapur','Uttar Pradesh'),(1423,'Sitarganj','Uttarakhand'),(1424,'Sivaganga','Tamil Nadu'),(1425,'Sivagiri','Tamil Nadu'),(1426,'Sivakasi','Tamil Nadu'),(1427,'Siwan','Bihar'),(1428,'Sohagpur','Madhya Pradesh'),(1429,'Sohna','Haryana'),(1430,'Sojat','Rajasthan'),(1431,'Solan','Himachal Pradesh'),(1432,'Solapur','Maharashtra'),(1433,'Sonamukhi','West Bengal'),(1434,'Sonepur','Bihar'),(1435,'Songadh','Gujarat'),(1436,'Sonipat','Haryana'),(1437,'Sopore','Jammu and Kashmir'),(1438,'Soro','Odisha'),(1439,'Soron','Uttar Pradesh'),(1440,'Soyagaon','Maharashtra'),(1441,'Sri Madhopur','Rajasthan'),(1442,'Srikakulam','Andhra Pradesh'),(1443,'Srikalahasti','Andhra Pradesh'),(1444,'None','Jammu and Kashmir'),(1445,'Shreenivaasapura','Karnataka'),(1446,'Srisailam Project (Right Flank Colony) Township','Andhra Pradesh'),(1447,'Srirampore','West Bengal'),(1448,'Srivilliputhur','Tamil Nadu'),(1449,'Suar','Uttar Pradesh'),(1450,'Sugauli','Bihar'),(1451,'Sujangarh','Rajasthan'),(1452,'Sujanpur','Punjab'),(1453,'Sultanganj','Bihar'),(1454,'Sultanpur','Uttar Pradesh'),(1455,'Sumerpur','Rajasthan'),(1456,'Sumerpur','Uttar Pradesh'),(1457,'Sunabeda','Odisha'),(1458,'Sunam','Punjab'),(1459,'Sundargarh','Odisha'),(1460,'Sundarnagar','Himachal Pradesh'),(1461,'Supaul','Bihar'),(1462,'Surandai','Tamil Nadu'),(1463,'Surat','Gujarat'),(1464,'Suratgarh','Rajasthan'),(1465,'Suri','West Bengal'),(1466,'Suriyampalayam','Tamil Nadu'),(1467,'Suryapet','Andhra Pradesh'),(1468,'Tadepalligudem','Andhra Pradesh'),(1469,'Tadpatri','Andhra Pradesh'),(1470,'Taki','West Bengal'),(1471,'Talaja','Gujarat'),(1472,'Talcher','Odisha'),(1473,'Talegaon Dabhade','Maharashtra'),(1474,'Thaalikote','Karnataka'),(1475,'Taliparamba','Kerala'),(1476,'Talode','Maharashtra'),(1477,'Talwara','Punjab'),(1478,'Tamluk','West Bengal'),(1479,'Tanda','Uttar Pradesh'),(1480,'Tanda','Uttar Pradesh'),(1481,'Tandur','Andhra Pradesh'),(1482,'Tanuku','Andhra Pradesh'),(1483,'Tarakeswar','West Bengal'),(1484,'Tarana','Madhya Pradesh'),(1485,'Taranagar','Rajasthan'),(1486,'Taraori','Haryana'),(1487,'Tarbha','Odisha'),(1488,'Tarikere','Karnataka'),(1489,'Tarn Taran','Punjab'),(1490,'Tasgaon','Maharashtra'),(1491,'Tehri','Uttarakhand'),(1492,'Tekkalakote','Karnataka'),(1493,'Tenali','Andhra Pradesh'),(1494,'Tenkasi','Tamil Nadu'),(1495,'Tenu Dam-cum-Kathhara','Jharkhand'),(1496,'Thergallu','Karnataka'),(1497,'Tetri Bazar','Uttar Pradesh'),(1498,'Tezpur','Assam'),(1499,'Thakurdwara','Uttar Pradesh'),(1500,'Thammampatti','Tamil Nadu'),(1501,'Thana Bhawan','Uttar Pradesh'),(1502,'Thane','Maharashtra'),(1503,'Thanesar','Haryana'),(1504,'Thangadh','Gujarat'),(1505,'Thanjavur','Tamil Nadu'),(1506,'Tharad','Gujarat'),(1507,'Tharamangalam','Tamil Nadu'),(1508,'Tharangambadi','Tamil Nadu'),(1509,'Theni Allinagaram','Tamil Nadu'),(1510,'Thirumangalam','Tamil Nadu'),(1511,'Thirunindravur','Tamil Nadu'),(1512,'Thiruparappu','Tamil Nadu'),(1513,'Thirupuvanam','Tamil Nadu'),(1514,'Thiruthuraipoondi','Tamil Nadu'),(1515,'Thiruvalla','Kerala'),(1516,'Thiruvallur','Tamil Nadu'),(1517,'Trivandrum','Kerala'),(1518,'Thiruvarur','Tamil Nadu'),(1519,'Thodupuzha','Kerala'),(1520,'Thoothukudi','Tamil Nadu'),(1521,'Thoubal','Manipur'),(1522,'Thrissur','Kerala'),(1523,'Thuraiyur','Tamil Nadu'),(1524,'Tikamgarh','Madhya Pradesh'),(1525,'Tikota','Karnataka'),(1526,'Tilda Newra','Chhattisgarh'),(1527,'Tilhar','Uttar Pradesh'),(1528,'Talikota','Karnataka'),(1529,'Tindivanam','Tamil Nadu'),(1530,'Tinsukia','Assam'),(1531,'Thipatooru','Karnataka'),(1532,'Tirora','Maharashtra'),(1533,'Tiruchendur','Tamil Nadu'),(1534,'Tiruchengode','Tamil Nadu'),(1535,'Tiruchirappalli','Tamil Nadu'),(1536,'Tirukalukundram','Tamil Nadu'),(1537,'Tirukkoyilur','Tamil Nadu'),(1538,'Tirunelveli','Tamil Nadu'),(1539,'Tirupathur','Tamil Nadu'),(1540,'Tirupathur','Tamil Nadu'),(1541,'Tirupati','Andhra Pradesh'),(1542,'Tiruppur','Tamil Nadu'),(1543,'Tirur','Kerala'),(1544,'Tiruttani','Tamil Nadu'),(1545,'Tiruvannamalai','Tamil Nadu'),(1546,'Tiruvethipuram','Tamil Nadu'),(1547,'Tiruvuru','Andhra Pradesh'),(1548,'Tirwaganj','Uttar Pradesh'),(1549,'Titlagarh','Odisha'),(1550,'Tittakudi','Tamil Nadu'),(1551,'Todabhim','Rajasthan'),(1552,'Todaraisingh','Rajasthan'),(1553,'Tohana','Haryana'),(1554,'Tonk','Rajasthan'),(1555,'Tuensang','Nagaland'),(1556,'Tuljapur','Maharashtra'),(1557,'Tulsipur','Uttar Pradesh'),(1558,'Thumakooru','Karnataka'),(1559,'Tumsar','Maharashtra'),(1560,'Tundla','Uttar Pradesh'),(1561,'Tuni','Andhra Pradesh'),(1562,'Tura','Meghalaya'),(1563,'Uchgaon','Maharashtra'),(1564,'Udaipur','Rajasthan'),(1565,'Udaipur','Tripura'),(1566,'Udaipurwati','Rajasthan'),(1567,'Udgir','Maharashtra'),(1568,'Udhagamandalam','Tamil Nadu'),(1569,'Udhampur','Jammu and Kashmir'),(1570,'Udumalaipettai','Tamil Nadu'),(1571,'Udupi','Karnataka'),(1572,'Ugar','Karnataka'),(1573,'Ujhani','Madhya Pradesh'),(1574,'Ujjain','Madhya Pradesh'),(1575,'Umarga','Maharashtra'),(1576,'Umaria','Madhya Pradesh'),(1577,'Umarkhed','Maharashtra'),(1578,'Umarkote','Odisha'),(1579,'Umbergaon','Gujarat'),(1580,'Umred','Maharashtra'),(1581,'Umreth','Gujarat'),(1582,'Una','Gujarat'),(1583,'Unjha','Gujarat'),(1584,'Unnamalaikadai','Tamil Nadu'),(1585,'Unnao','Uttar Pradesh'),(1586,'Upleta','Gujarat'),(1587,'Uran','Maharashtra'),(1588,'Uran Islampur','Maharashtra'),(1589,'Uravakonda','Andhra Pradesh'),(1590,'Urmar Tanda','Punjab'),(1591,'Usilampatti','Tamil Nadu'),(1592,'Uthamapalayam','Tamil Nadu'),(1593,'Uthiramerur','Tamil Nadu'),(1594,'Utraula','Uttar Pradesh'),(1595,'Vadakara','Kerala'),(1596,'Vadakkuvalliyur','Tamil Nadu'),(1597,'Vadalur','Tamil Nadu'),(1598,'Vadgaon Kasba','Maharashtra'),(1599,'Vadipatti','Tamil Nadu'),(1600,'Vadnagar','Gujarat'),(1601,'Vadodara','Gujarat'),(1602,'Vaijapur','Maharashtra'),(1603,'Vaikom','Kerala'),(1604,'Valparai','Tamil Nadu'),(1605,'Valsad','Gujarat'),(1606,'Vandavasi','Tamil Nadu'),(1607,'Vaniyambadi','Tamil Nadu'),(1608,'Vapi','Gujarat'),(1609,'Vapi','Gujarat'),(1610,'Varanasi','Uttar Pradesh'),(1611,'Varkala','Kerala'),(1612,'Vasai','Maharashtra'),(1613,'Vedaranyam','Tamil Nadu'),(1614,'Vellakoil','Tamil Nadu'),(1615,'Vellore','Tamil Nadu'),(1616,'Venkatagiri','Andhra Pradesh'),(1617,'Veraval','Gujarat'),(1618,'Vicarabad','Andhra Pradesh'),(1619,'Vidisha','Madhya Pradesh'),(1620,'Vijainagar','Rajasthan'),(1621,'Vijapur','Gujarat'),(1622,'Vijaypur','Uttarakhand'),(1623,'Vijayapura','Karnataka'),(1624,'Vijayawada','Andhra Pradesh'),(1625,'Vikramasingapuram','Tamil Nadu'),(1626,'Viluppuram','Tamil Nadu'),(1627,'Vinukonda','Andhra Pradesh'),(1628,'Viramgam','Gujarat'),(1629,'Virar','Maharashtra'),(1630,'Virudhachalam','Tamil Nadu'),(1631,'Virudhunagar','Tamil Nadu'),(1632,'Visakhapatnam','Andhra Pradesh'),(1633,'Visnagar','Gujarat'),(1634,'Viswanatham','Tamil Nadu'),(1635,'Vita','Maharashtra'),(1636,'Vizianagaram','Andhra Pradesh'),(1637,'Vrindavan','Uttar Pradesh'),(1638,'Vyara','Gujarat'),(1639,'Wadgaon Road','Maharashtra'),(1640,'Wadhwan','Gujarat'),(1641,'Wadi','Karnataka'),(1642,'Wai','Maharashtra'),(1643,'Wanaparthy','Andhra Pradesh'),(1644,'Wani','Maharashtra'),(1645,'Wankaner','Gujarat'),(1646,'Wara Seoni','Madhya Pradesh'),(1647,'Warangal','Andhra Pradesh'),(1648,'Wardha','Maharashtra'),(1649,'Warhapur','Uttar Pradesh'),(1650,'Warisaliganj','Bihar'),(1651,'Warora','Maharashtra'),(1652,'Warud','Maharashtra'),(1653,'Washim','Maharashtra'),(1654,'Wokha','Nagaland'),(1655,'Yaadhagiri','Karnataka'),(1656,'Yamunanagar','Haryana'),(1657,'Yanam','Puducherry'),(1658,'Yavatmal','Maharashtra'),(1659,'Yawal','Maharashtra'),(1660,'Yellandu','Andhra Pradesh'),(1661,'Yemmiganur','Andhra Pradesh'),(1662,'Yerraguntla','Andhra Pradesh'),(1663,'Yevla','Maharashtra'),(1664,'Zaid','Uttar Pradesh'),(1665,'Zamania','Uttar Pradesh'),(1666,'Zira','Punjab'),(1667,'Zirakpur','Punjab'),(1668,'Zunheboto','Nagaland');
/*!40000 ALTER TABLE `sample2` ENABLE KEYS */;
UNLOCK TABLES;

--
-- Table structure for table `state`
--

DROP TABLE IF EXISTS `state`;
/*!40101 SET @saved_cs_client     = @@character_set_client */;
/*!40101 SET character_set_client = utf8 */;
CREATE TABLE `state` (
  `state_id` int(11) NOT NULL,
  `state` varchar(50) DEFAULT NULL,
  PRIMARY KEY (`state_id`),
  UNIQUE KEY `state` (`state`)
) ENGINE=InnoDB DEFAULT CHARSET=latin1;
/*!40101 SET character_set_client = @saved_cs_client */;

--
-- Dumping data for table `state`
--

LOCK TABLES `state` WRITE;
/*!40000 ALTER TABLE `state` DISABLE KEYS */;
INSERT INTO `state` VALUES (1,'Andaman and Nicobar Islands'),(2,'Andhra Pradesh'),(4,'Arunachal Pradesh'),(5,'Assam'),(6,'Bihar'),(7,'Chandigarh'),(8,'Chhattisgarh'),(9,'Dadra and Nagar Haveli'),(10,'Daman and Diu'),(11,'Delhi'),(12,'Goa'),(13,'Gujarat'),(14,'Haryana'),(15,'Himachal Pradesh'),(16,'Jammu & Kashmir'),(17,'Jammu and Kashmir'),(18,'Jharkhand'),(19,'Karnataka'),(20,'Kerala'),(21,'Lakshadweep'),(22,'Madhya Pradesh'),(24,'Maharashtra'),(25,'Manipur'),(26,'Meghalaya'),(27,'Mizoram'),(28,'Nagaland'),(29,'National Capital Region (India)'),(30,'Odisha'),(31,'Orissa'),(32,'Puducherry'),(33,'Punjab'),(34,'Rajasthan'),(35,'Sikkim'),(36,'Tamil Nadu'),(38,'TamilNadu'),(39,'Tripura'),(40,'Uttar Pradesh'),(41,'Uttarakhand'),(42,'West Bengal');
/*!40000 ALTER TABLE `state` ENABLE KEYS */;
UNLOCK TABLES;
/*!40103 SET TIME_ZONE=@OLD_TIME_ZONE */;

/*!40101 SET SQL_MODE=@OLD_SQL_MODE */;
/*!40014 SET FOREIGN_KEY_CHECKS=@OLD_FOREIGN_KEY_CHECKS */;
/*!40014 SET UNIQUE_CHECKS=@OLD_UNIQUE_CHECKS */;
/*!40101 SET CHARACTER_SET_CLIENT=@OLD_CHARACTER_SET_CLIENT */;
/*!40101 SET CHARACTER_SET_RESULTS=@OLD_CHARACTER_SET_RESULTS */;
/*!40101 SET COLLATION_CONNECTION=@OLD_COLLATION_CONNECTION */;
/*!40111 SET SQL_NOTES=@OLD_SQL_NOTES */;

-- Dump completed on 2014-03-01 16:28:36
